requestId,location,regionTier,keywordSet,day,placeIndex,aiPlaceName,bestScore,scoreBand,matchedPlaceName,matchedCategory,matchedAddress,matchedPlaceUrl,rejectedCandidateName,matchedX,matchedY,matchedCategoryGroupCode
2,경주,FAMOUS,B,1,0,불국사,8,S8_10,불국사,"문화,예술 > 종교 > 불교 > 절,사찰",경북 경주시 불국로 385,http://place.map.kakao.com/12760573,,129.3318426090494,35.78991466172384,
2,경주,FAMOUS,B,1,1,석굴암,8,S8_10,석굴암,"문화,예술 > 종교 > 불교 > 절,사찰",경북 경주시 석굴로 238,http://place.map.kakao.com/8361996,,129.35052073446747,35.79524166200299,
2,경주,FAMOUS,B,1,2,토함산식당,10,S8_10,토함산식당,"음식점 > 한식 > 육류,고기 > 닭요리",경북 경주시 새골길 197,http://place.map.kakao.com/8114811,,129.312736540521,35.798541805332,FD6
2,경주,FAMOUS,B,1,3,국립경주박물관,8,S8_10,국립경주박물관,"문화,예술 > 문화시설 > 박물관",경북 경주시 일정로 186,http://place.map.kakao.com/9666845,,129.22795026492514,35.829233895353426,CT1
2,경주,FAMOUS,B,1,4,교리김밥,10,S8_10,교리김밥 경주본점,음식점 > 분식,경북 경주시 탑리3길 2,http://place.map.kakao.com/11807645,,129.2107891117208,35.82169290821779,FD6
2,경주,FAMOUS,B,1,5,동궁과 월지,3,S1_4,동궁과월지,"여행 > 관광,명소 > 연못",경북 경주시 원화로 102,http://place.map.kakao.com/8179010,,129.226975518857,35.8347762643542,
2,경주,FAMOUS,B,2,0,대릉원,8,S8_10,대릉원,"여행 > 관광,명소 > 문화유적 > 릉,묘,총",경북 경주시 황남동 31-1,http://place.map.kakao.com/8288444,,129.21333399231364,35.83819105876201,
2,경주,FAMOUS,B,2,1,첨성대,8,S8_10,첨성대,"여행 > 관광,명소 > 문화유적",경북 경주시 인왕동 839-1,http://place.map.kakao.com/8089382,,129.21900018259583,35.83471481233599,
2,경주,FAMOUS,B,2,2,향화정,10,S8_10,향화정,음식점 > 한식,경북 경주시 사정로57번길 17,http://place.map.kakao.com/632306474,,129.209192577739,35.8380095983727,FD6
2,경주,FAMOUS,B,2,3,황리단길,10,S8_10,황리단길,"여행 > 관광,명소 > 테마거리 > 카페거리",경북 경주시 태종로 746,http://place.map.kakao.com/627627078,,129.209645417434,35.8393348165945,AT4
2,경주,FAMOUS,B,2,4,대릉원사진관,-3,NAME_MISMATCH,,,,,대릉원흑백사진관,,,
2,경주,FAMOUS,B,2,5,월정교,10,S8_10,월정교,"음식점 > 한식 > 해물,생선",경북 경주시 감포읍 동해안로 1890,http://place.map.kakao.com/1613134148,,129.494138377529,35.7773018587763,FD6
2,경주,FAMOUS,B,2,6,함양집,10,S8_10,함양집 경주보문점,음식점 > 한식,경북 경주시 북군1길 10-1,http://place.map.kakao.com/17399928,,129.262183765744,35.8520273426589,FD6
2,경주,FAMOUS,B,3,0,보문호반길,-1,NO_RESULT,,,,,,,,
2,경주,FAMOUS,B,3,1,동궁원,10,S8_10,경주동궁원,"여행 > 관광,명소 > 수목원,식물원",경북 경주시 보문로 74-14,http://place.map.kakao.com/19464673,,129.26166060389696,35.849507092525485,AT4
2,경주,FAMOUS,B,3,2,보문뜰,10,S8_10,보문뜰,음식점 > 한식 > 한정식,경북 경주시 경감로 142-3,http://place.map.kakao.com/25968394,,129.25170633678914,35.842684067348976,FD6
2,경주,FAMOUS,B,3,3,주렁주렁 경주점,10,S8_10,주렁주렁 경주점,"여행 > 관광,명소 > 동물원 > 실내동물원",경북 경주시 엑스포로 80,http://place.map.kakao.com/26848872,,129.28982987710802,35.8344982844486,AT4
2,경주,FAMOUS,B,3,4,카페 아덴,-3,NAME_MISMATCH,,,,,아덴 보문호수점,,,
2,경주,FAMOUS,B,3,5,경주중앙시장,8,S8_10,경주중앙시장,"가정,생활 > 시장",경북 경주시 금성로 295,http://place.map.kakao.com/2136388558,,129.20674378595027,35.843961867137544,
4,부산,FAMOUS,A,1,0,해운대해수욕장,10,S8_10,해운대해수욕장,"여행 > 관광,명소 > 해수욕장,해변",부산 해운대구 우동,http://place.map.kakao.com/7913306,,129.159854668484,35.1585232170784,AT4
4,부산,FAMOUS,A,1,1,동백섬,10,S8_10,동백섬,"여행 > 관광,명소 > 섬 > 섬(내륙)",부산 해운대구 우동 708-3,http://place.map.kakao.com/8257954,,129.152289970167,35.1539431141198,AT4
4,부산,FAMOUS,A,1,2,상국이네,10,S8_10,상국이네,음식점 > 분식,부산 해운대구 구남로41번길 40-1,http://place.map.kakao.com/9089301,,129.16287693095907,35.162016169133,FD6
4,부산,FAMOUS,A,1,3,해리단길,10,S8_10,해리단길,"여행 > 관광,명소 > 테마거리",부산 해운대구 우동 517-14,http://place.map.kakao.com/2101481584,,129.157908776659,35.1651110146752,AT4
4,부산,FAMOUS,A,1,4,더베이101,8,S8_10,더베이101,"문화,예술 > 문화시설",부산 해운대구 동백로 52,http://place.map.kakao.com/27457865,,129.152021092751,35.1565648156251,
4,부산,FAMOUS,A,1,5,해운대원조할매국밥,10,S8_10,해운대원조할매국밥,음식점 > 한식 > 국밥,부산 해운대구 구남로21번길 33,http://place.map.kakao.com/367285394,,129.1613417627714,35.163301573016895,FD6
4,부산,FAMOUS,A,2,0,흰여울문화마을,8,S8_10,흰여울문화마을,"여행 > 관광,명소",부산 영도구 영선동4가 605-3,http://place.map.kakao.com/22875776,,129.0437540909888,35.07944374604049,
4,부산,FAMOUS,A,2,1,남포동 비빔당면,-3,NAME_MISMATCH,,,,,깡통골목 원조비빔당면,,,
4,부산,FAMOUS,A,2,2,국제시장,8,S8_10,국제시장,"가정,생활 > 시장",부산 중구 신창동4가 56-4,http://place.map.kakao.com/20543715,,129.02818525258604,35.101319053986096,
4,부산,FAMOUS,A,2,3,부평깡통시장,8,S8_10,부평깡통시장,"가정,생활 > 시장",부산 중구 부평동2가 82,http://place.map.kakao.com/837490557,,129.02586215783472,35.10182652099438,
4,부산,FAMOUS,A,2,4,용두산공원 부산타워,10,S8_10,부산타워,"여행 > 관광,명소 > 전망대",부산 중구 용두산길 37-30,http://place.map.kakao.com/1534486834,,129.03232871480225,35.10121449509689,AT4
4,부산,FAMOUS,A,2,5,개미집 남포점,-1,NO_RESULT,,,,,,,,
4,부산,FAMOUS,A,3,0,광안리해수욕장,10,S8_10,광안리해수욕장,"여행 > 관광,명소 > 해수욕장,해변",부산 수영구 광안해변로 219,http://place.map.kakao.com/8202423,,129.118976093583,35.1531932736837,AT4
4,부산,FAMOUS,A,3,1,광안리 카페거리,5,S5_7,광안리카페거리,"여행 > 관광,명소 > 테마거리 > 카페거리",부산 수영구 광안동 205,http://place.map.kakao.com/8668857,,129.116357196067,35.1508708395273,AT4
4,부산,FAMOUS,A,3,2,할매재첩국,10,S8_10,할매재첩국,음식점 > 한식,부산 사상구 낙동대로1530번길 20-15,http://place.map.kakao.com/1531629877,,128.98621754964088,35.19325383111974,FD6
4,부산,FAMOUS,A,3,3,전포카페거리,10,S8_10,전포카페거리,"여행 > 관광,명소 > 테마거리",부산 부산진구 전포대로209번길 26,http://place.map.kakao.com/25661344,,129.062569363766,35.1554466988384,AT4
4,부산,FAMOUS,A,3,4,송정3대국밥,-3,NAME_MISMATCH,,,,,송정삼대국밥,,,
4,부산,FAMOUS,A,3,5,광안리해수욕장,10,S8_10,광안리해수욕장,"여행 > 관광,명소 > 해수욕장,해변",부산 수영구 광안해변로 219,http://place.map.kakao.com/8202423,,129.118976093583,35.1531932736837,AT4
5,부산,FAMOUS,B,1,0,해운대 해수욕장,5,S5_7,해운대해수욕장,"여행 > 관광,명소 > 해수욕장,해변",부산 해운대구 우동,http://place.map.kakao.com/7913306,,129.159854668484,35.1585232170784,AT4
5,부산,FAMOUS,B,1,1,동백섬,10,S8_10,동백섬,"여행 > 관광,명소 > 섬 > 섬(내륙)",부산 해운대구 우동 708-3,http://place.map.kakao.com/8257954,,129.152289970167,35.1539431141198,AT4
5,부산,FAMOUS,B,1,2,더베이101,8,S8_10,더베이101,"문화,예술 > 문화시설",부산 해운대구 동백로 52,http://place.map.kakao.com/27457865,,129.152021092751,35.1565648156251,
5,부산,FAMOUS,B,1,3,SEA LIFE 부산 아쿠아리움,3,S1_4,SEA LIFE 부산아쿠아리움 주차장,"교통,수송 > 교통시설 > 주차장",부산 해운대구 중동 1411-4,http://place.map.kakao.com/17583444,,129.16165546621502,35.159399436738006,PK6
5,부산,FAMOUS,B,1,4,해운대 시장,3,S1_4,해운대시장 공영주차장,"교통,수송 > 교통시설 > 주차장 > 공영주차장",부산 해운대구 구남로29번길 20-11,http://place.map.kakao.com/1802884698,,129.162305157207,35.1622210269137,PK6
5,부산,FAMOUS,B,2,0,해동용궁사,8,S8_10,해동용궁사,"문화,예술 > 종교 > 불교 > 절,사찰",부산 기장군 기장읍 용궁길 86,http://place.map.kakao.com/8606230,,129.2231430744025,35.18840281721384,
5,부산,FAMOUS,B,2,1,웨이브온 커피,5,S5_7,웨이브온커피,음식점 > 카페 > 커피전문점,부산 기장군 장안읍 해맞이로 286,http://place.map.kakao.com/528293263,,129.269784558837,35.3222915727433,CE7
5,부산,FAMOUS,B,2,2,기장시장,8,S8_10,기장시장,"가정,생활 > 시장",부산 기장군 기장읍 읍내로104번길 16,http://place.map.kakao.com/11520115,,129.215284613773,35.2435361643299,
5,부산,FAMOUS,B,2,3,오랑대공원,8,S8_10,오랑대공원,여행 > 공원 > 도시근린공원,부산 기장군 기장읍 시랑리,http://place.map.kakao.com/11340429,,129.227814368768,35.2059095736345,
5,부산,FAMOUS,B,2,4,송정집,10,S8_10,송정집,음식점 > 한식,부산 해운대구 송정광어골로 59,http://place.map.kakao.com/21540783,,129.196337819108,35.176170856997,FD6
5,부산,FAMOUS,B,3,0,감천문화마을,8,S8_10,감천문화마을,"여행 > 관광,명소",부산 사하구 감천동 1-17,http://place.map.kakao.com/21362956,,129.01056080474402,35.09740872250286,
5,부산,FAMOUS,B,3,1,국제시장,8,S8_10,국제시장,"가정,생활 > 시장",부산 중구 신창동4가 56-4,http://place.map.kakao.com/20543715,,129.02818525258604,35.101319053986096,
5,부산,FAMOUS,B,3,2,태종대유원지,10,S8_10,태종대유원지,"여행 > 관광,명소 > 유원지",부산 영도구 동삼동 산 29-1,http://place.map.kakao.com/8111808,,129.08777773925445,35.05252720661388,AT4
5,부산,FAMOUS,B,3,3,자갈치시장,8,S8_10,자갈치시장,"가정,생활 > 시장",부산 중구 자갈치해안로 52,http://place.map.kakao.com/11168886,,129.03057978534403,35.09661988021089,
6,부산,FAMOUS,C,1,0,해운대 해변,-3,NAME_MISMATCH,,,,,해운대해수욕장,,,
6,부산,FAMOUS,C,1,1,해운대 블루라인파크 미포정거장,5,S5_7,해운대블루라인파크 미포정거장,"여행 > 관광,명소 > 테마파크",부산 해운대구 달맞이길62번길 13,http://place.map.kakao.com/188403018,,129.17281473802996,35.15815259880406,AT4
6,부산,FAMOUS,C,1,2,더베이101 핑거스앤챗,10,S8_10,핑거스앤챗,"음식점 > 술집 > 호프,요리주점",부산 해운대구 동백로 52,http://place.map.kakao.com/27305670,,129.152021092751,35.1565648156251,FD6
6,부산,FAMOUS,C,1,3,더베이101,8,S8_10,더베이101,"문화,예술 > 문화시설",부산 해운대구 동백로 52,http://place.map.kakao.com/27457865,,129.152021092751,35.1565648156251,
6,부산,FAMOUS,C,1,4,광안리 해변,5,S5_7,광안리해변테마거리,"여행 > 관광,명소 > 테마거리",부산 수영구 민락동,http://place.map.kakao.com/12644071,,129.121921991589,35.1550881802856,AT4
6,부산,FAMOUS,C,1,5,마담에뽀끄,10,S8_10,마담에뽀끄,음식점 > 양식 > 이탈리안,부산 수영구 광안해변로 239,http://place.map.kakao.com/944741167,,129.120086988856,35.1547346252752,FD6
6,부산,FAMOUS,C,2,0,서면 젊음의 거리,5,S5_7,서면젊음의거리,"여행 > 관광,명소 > 테마거리",부산 부산진구 부전로 187,http://place.map.kakao.com/335140347,,129.060815356315,35.154467256371,AT4
6,부산,FAMOUS,C,2,1,런드리샵,-1,NO_RESULT,,,,,,,,
6,부산,FAMOUS,C,2,2,흰여울문화마을,8,S8_10,흰여울문화마을,"여행 > 관광,명소",부산 영도구 영선동4가 605-3,http://place.map.kakao.com/22875776,,129.0437540909888,35.07944374604049,
6,부산,FAMOUS,C,2,3,에쎄떼,-1,NO_RESULT,,,,,,,,
6,부산,FAMOUS,C,2,4,부산횟집,10,S8_10,부산횟집,"음식점 > 한식 > 해물,생선 > 회",부산 수영구 민락수변로 29,http://place.map.kakao.com/10466141,,129.124581280238,35.1533834411628,FD6
6,부산,FAMOUS,C,3,0,해동용궁사,8,S8_10,해동용궁사,"문화,예술 > 종교 > 불교 > 절,사찰",부산 기장군 기장읍 용궁길 86,http://place.map.kakao.com/8606230,,129.2231430744025,35.18840281721384,
6,부산,FAMOUS,C,3,1,아난티 코브,8,S8_10,아난티 코브,"여행 > 숙박 > 콘도,리조트 > 아난티",부산 기장군 기장읍 기장해안로 268-31,http://place.map.kakao.com/1672210391,,129.22901421995851,35.2002410464161,AD5
6,부산,FAMOUS,C,3,2,힐튼 부산 다모임,-3,NAME_MISMATCH,,,,,아난티 앳 부산 코브 다모임,,,
6,부산,FAMOUS,C,3,3,신세계백화점 센텀시티점,8,S8_10,신세계백화점 센텀시티점,"가정,생활 > 백화점 > 신세계백화점",부산 해운대구 센텀남대로 35,http://place.map.kakao.com/7969139,,129.12907174004943,35.16864392798528,
6,부산,FAMOUS,C,3,4,영화의전당,8,S8_10,영화의전당,"문화,예술 > 영화,영상 > 영화관",부산 해운대구 수영강변대로 120,http://place.map.kakao.com/23210864,,129.127011337686,35.1710249248016,CT1
6,부산,FAMOUS,C,3,5,파크 하얏트 부산 다이닝룸,5,S5_7,파크하얏트 부산 다이닝룸,음식점 > 양식,부산 해운대구 마린시티1로 51,http://place.map.kakao.com/21539138,,129.141783568124,35.1564795671685,FD6
7,제주,FAMOUS,A,1,0,동문시장,8,S8_10,제주동문시장,"가정,생활 > 시장",제주특별자치도 제주시 동문로 16,http://place.map.kakao.com/1262338999,,126.52830338722843,33.51278396493313,
7,제주,FAMOUS,A,1,1,순옥이네명가,5,S5_7,순옥이네 명가 본점,"음식점 > 한식 > 해물,생선",제주특별자치도 제주시 도공로 8,http://place.map.kakao.com/1006711661,,126.46498161971583,33.505515927922644,FD6
7,제주,FAMOUS,A,1,2,함덕해수욕장,10,S8_10,함덕해수욕장,"여행 > 관광,명소 > 해수욕장,해변",제주특별자치도 제주시 조천읍 조함해안로 525,http://place.map.kakao.com/8148451,,126.669238934013,33.5430615661113,AT4
7,제주,FAMOUS,A,1,3,델문도,10,S8_10,델문도,음식점 > 카페,제주특별자치도 제주시 조천읍 조함해안로 519-10,http://place.map.kakao.com/26867476,,126.668723957376,33.5437093358268,CE7
7,제주,FAMOUS,A,1,4,명리동식당 함덕점,-1,NO_RESULT,,,,,,,,
7,제주,FAMOUS,A,2,0,이중섭거리,10,S8_10,이중섭거리,"여행 > 관광,명소 > 테마거리",제주특별자치도 서귀포시 이중섭로 4-1,http://place.map.kakao.com/8523750,,126.56400391121568,33.24761378125579,AT4
7,제주,FAMOUS,A,2,1,서귀포올레시장,10,S8_10,올레왕갈치 서귀포올레시장점,"음식점 > 한식 > 해물,생선",제주특별자치도 서귀포시 중앙로42번길 9,http://place.map.kakao.com/1056381412,,126.56279761463912,33.248513882010336,FD6
7,제주,FAMOUS,A,2,2,천지연폭포,8,S8_10,천지연폭포,"여행 > 관광,명소 > 폭포",제주특별자치도 서귀포시 서홍동 2565,http://place.map.kakao.com/8100102,,126.55452234287986,33.24721231608811,
7,제주,FAMOUS,A,2,3,새연교,8,S8_10,새연교,"교통,수송 > 도로시설 > 교량,다리",제주특별자치도 서귀포시 서홍동 707-4,http://place.map.kakao.com/26875121,,126.55888601468132,33.23853253939838,
7,제주,FAMOUS,A,2,4,네거리식당,10,S8_10,네거리식당,"음식점 > 한식 > 해물,생선",제주특별자치도 서귀포시 서문로29번길 20,http://place.map.kakao.com/9733194,,126.559290966856,33.2484915875436,FD6
7,제주,FAMOUS,A,3,0,한담해안산책로,-3,NAME_MISMATCH,,,,,한담마을 장한철산책로,,,
7,제주,FAMOUS,A,3,1,제주김만복 애월점,-1,NO_RESULT,,,,,,,,
7,제주,FAMOUS,A,3,2,하이엔드제주,-3,NAME_MISMATCH,,,,,해지개더궁,,,
7,제주,FAMOUS,A,3,3,이호테우해변,8,S8_10,이호테우해변입구교차로,"교통,수송 > 도로시설 > 교차로",제주특별자치도 제주시 이호이동,http://place.map.kakao.com/15140257,,126.454662314875,33.4953082325284,
7,제주,FAMOUS,A,3,4,자매국수 본점,10,S8_10,자매국수,음식점 > 한식 > 국수,제주특별자치도 제주시 항골남길 46,http://place.map.kakao.com/21455793,,126.45914433997106,33.498577203781664,FD6
8,제주,FAMOUS,B,1,0,성산일출봉,8,S8_10,성산일출봉,"여행 > 관광,명소 > 산봉우리",제주특별자치도 서귀포시 성산읍 성산리 78,http://place.map.kakao.com/25285071,,126.940537521366,33.4591349705437,
8,제주,FAMOUS,B,1,1,해월정,10,S8_10,해월정 본점,음식점 > 한식 > 국수,제주특별자치도 제주시 구좌읍 해맞이해안로 2340,http://place.map.kakao.com/8615207,,126.90963170684925,33.492262994490375,FD6
8,제주,FAMOUS,B,1,2,섭지코지,8,S8_10,섭지코지,"여행 > 관광,명소 > 바위",제주특별자치도 서귀포시 성산읍 섭지코지로 107,http://place.map.kakao.com/8413659,,126.930609241011,33.4239380655993,
8,제주,FAMOUS,B,1,3,아쿠아플라넷 제주,8,S8_10,아쿠아플라넷 제주,"문화,예술 > 문화시설 > 아쿠아리움",제주특별자치도 서귀포시 성산읍 섭지코지로 95,http://place.map.kakao.com/23150855,,126.92784588473428,33.433068041140075,CT1
8,제주,FAMOUS,B,1,4,명진전복,10,S8_10,명진전복,"음식점 > 한식 > 해물,생선 > 굴,전복",제주특별자치도 제주시 구좌읍 해맞이해안로 1282,http://place.map.kakao.com/20031551,,126.850184971014,33.5324709034017,FD6
8,제주,FAMOUS,B,2,0,새별오름,10,S8_10,새별오름,"여행 > 관광,명소 > 오름",제주특별자치도 제주시 애월읍 봉성리 산 59-8,http://place.map.kakao.com/25274725,,126.3577306657398,33.366277591139294,AT4
8,제주,FAMOUS,B,2,1,닻,10,S8_10,닻,음식점 > 술집,제주특별자치도 제주시 애월읍 가문동길 41-2,http://place.map.kakao.com/457303879,,126.39201266863,33.4860621223485,FD6
8,제주,FAMOUS,B,2,2,협재해변,8,S8_10,협재해변펜션,여행 > 숙박 > 펜션,제주특별자치도 제주시 한림읍 협재로 114,http://place.map.kakao.com/588019619,,126.24871629039326,33.387948580600714,AD5
8,제주,FAMOUS,B,2,3,한담해안산책로,-3,NAME_MISMATCH,,,,,한담마을 장한철산책로,,,
8,제주,FAMOUS,B,2,4,제주김만복 애월점,-1,NO_RESULT,,,,,,,,
8,제주,FAMOUS,B,3,0,천지연폭포,8,S8_10,천지연폭포,"여행 > 관광,명소 > 폭포",제주특별자치도 서귀포시 서홍동 2565,http://place.map.kakao.com/8100102,,126.55452234287986,33.24721231608811,
8,제주,FAMOUS,B,3,1,서귀포매일올레시장,8,S8_10,서귀포매일올레시장,"가정,생활 > 시장",제주특별자치도 서귀포시 중앙로62번길 18,http://place.map.kakao.com/7938166,,126.56323157639459,33.25015006260236,
8,제주,FAMOUS,B,3,2,우정회센타,10,S8_10,우정회센타 중문점,"음식점 > 한식 > 해물,생선 > 회",제주특별자치도 서귀포시 천제연로 179,http://place.map.kakao.com/373819004,,126.423832902049,33.2519058568785,FD6
8,제주,FAMOUS,B,3,3,카멜리아힐,10,S8_10,카멜리아힐,"여행 > 관광,명소 > 수목원,식물원",제주특별자치도 서귀포시 안덕면 병악로 166,http://place.map.kakao.com/9461977,,126.36819010853146,33.290336568694215,AT4
8,제주,FAMOUS,B,3,4,쇠소깍,8,S8_10,쇠소깍,"여행 > 관광,명소 > 하천",제주특별자치도 서귀포시 하효동 1459,http://place.map.kakao.com/7962003,,126.62344277016605,33.252516273870825,
8,제주,FAMOUS,B,3,5,흑돈가 제주본점,10,S8_10,흑돈가 제주본점,"음식점 > 한식 > 육류,고기",제주특별자치도 제주시 한라대학로 11,http://place.map.kakao.com/1754846295,,126.473552028784,33.4800051743645,FD6
9,제주,FAMOUS,C,1,0,제주동문시장,8,S8_10,제주동문시장,"가정,생활 > 시장",제주특별자치도 제주시 동문로 16,http://place.map.kakao.com/1262338999,,126.52830338722843,33.51278396493313,
9,제주,FAMOUS,C,1,1,제주승마공원,8,S8_10,제주승마공원,"스포츠,레저 > 승마 > 승마장",제주특별자치도 제주시 애월읍 녹고메길 152-1,http://place.map.kakao.com/8950356,,126.406873605516,33.40584185777,
9,제주,FAMOUS,C,1,2,카페 글렌코,5,S5_7,카페글렌코,음식점 > 카페,제주특별자치도 제주시 구좌읍 비자림로 1202,http://place.map.kakao.com/213125558,,126.73324152121354,33.43367131314919,CE7
9,제주,FAMOUS,C,1,3,늘봄흑돼지,10,S8_10,늘봄흑돼지,"음식점 > 한식 > 육류,고기 > 삼겹살",제주특별자치도 제주시 한라대학로 12,http://place.map.kakao.com/8856076,,126.472866637648,33.4794793376608,FD6
9,제주,FAMOUS,C,2,0,성산일출봉,8,S8_10,성산일출봉,"여행 > 관광,명소 > 산봉우리",제주특별자치도 서귀포시 성산읍 성산리 78,http://place.map.kakao.com/25285071,,126.940537521366,33.4591349705437,
9,제주,FAMOUS,C,2,1,섭지코지,8,S8_10,섭지코지,"여행 > 관광,명소 > 바위",제주특별자치도 서귀포시 성산읍 섭지코지로 107,http://place.map.kakao.com/8413659,,126.930609241011,33.4239380655993,
9,제주,FAMOUS,C,2,2,춘심이네 본점,10,S8_10,춘심이네 본점,"음식점 > 한식 > 해물,생선",제주특별자치도 서귀포시 안덕면 창천중앙로24번길 16,http://place.map.kakao.com/19316749,,126.37053351760031,33.2644856335509,FD6
9,제주,FAMOUS,C,2,3,아쿠아플라넷 제주,8,S8_10,아쿠아플라넷 제주,"문화,예술 > 문화시설 > 아쿠아리움",제주특별자치도 서귀포시 성산읍 섭지코지로 95,http://place.map.kakao.com/23150855,,126.92784588473428,33.433068041140075,CT1
9,제주,FAMOUS,C,2,4,해월정,10,S8_10,해월정 본점,음식점 > 한식 > 국수,제주특별자치도 제주시 구좌읍 해맞이해안로 2340,http://place.map.kakao.com/8615207,,126.90963170684925,33.492262994490375,FD6
9,제주,FAMOUS,C,3,0,카멜리아힐,10,S8_10,카멜리아힐,"여행 > 관광,명소 > 수목원,식물원",제주특별자치도 서귀포시 안덕면 병악로 166,http://place.map.kakao.com/9461977,,126.36819010853146,33.290336568694215,AT4
9,제주,FAMOUS,C,3,1,덤장 본점,-1,NO_RESULT,,,,,,,,
9,제주,FAMOUS,C,3,2,오설록 티 뮤지엄,5,S5_7,오설록 티뮤지엄,음식점 > 카페,제주특별자치도 서귀포시 안덕면 신화역사로 15,http://place.map.kakao.com/11332661,,126.28949031798007,33.30591960370196,CE7
9,제주,FAMOUS,C,3,3,이니스프리 제주하우스,8,S8_10,이니스프리 제주하우스,"가정,생활 > 미용 > 화장품 > 이니스프리",제주특별자치도 서귀포시 안덕면 신화역사로 23,http://place.map.kakao.com/19306466,,126.29046940973845,33.30633723176773,
11,서울,FAMOUS,B,1,0,올림픽공원,8,S8_10,올림픽공원,여행 > 공원,서울 송파구 올림픽로 424,http://place.map.kakao.com/8023565,,127.120812783275,37.5205340628851,
11,서울,FAMOUS,B,1,1,더 키친 485,-1,NO_RESULT,,,,,,,,
11,서울,FAMOUS,B,1,2,서울숲,8,S8_10,서울숲,여행 > 공원 > 도시근린공원,서울 성동구 성수동1가 678-1,http://place.map.kakao.com/11331488,,127.037617759165,37.5443222301513,
11,서울,FAMOUS,B,1,3,뚝섬한강공원,8,S8_10,뚝섬한강공원,여행 > 공원 > 도시근린공원,서울 광진구 자양동 427-6,http://place.map.kakao.com/8136085,,127.06892112991,37.5292974433415,
11,서울,FAMOUS,B,1,4,성수연방,8,S8_10,성수연방,"문화,예술 > 문화시설",서울 성동구 성수이로14길 14,http://place.map.kakao.com/1819728691,,127.05695851079544,37.54139704871741,
11,서울,FAMOUS,B,2,0,북한산국립공원 우이령길,-1,NO_RESULT,,,,,,,,
11,서울,FAMOUS,B,2,1,산촌,10,S8_10,산촌,음식점 > 한식,서울 서초구 서초대로24길 46,http://place.map.kakao.com/721016726,,126.993898866562,37.485463681114,FD6
11,서울,FAMOUS,B,2,2,북촌한옥마을,8,S8_10,북촌한옥마을,"여행 > 관광,명소",서울 종로구 북촌로 53,http://place.map.kakao.com/781129546,,126.98481245064092,37.581768153833444,
11,서울,FAMOUS,B,2,3,삼청동수제비,10,S8_10,삼청동수제비,음식점 > 한식 > 수제비,서울 종로구 삼청로 101-1,http://place.map.kakao.com/13559837,,126.98197124938,37.5845977743306,FD6
11,서울,FAMOUS,B,2,4,인사동 그집,-3,NAME_MISMATCH,,,,,그때그집,,,
11,서울,FAMOUS,B,3,0,남산공원,8,S8_10,남산공원,여행 > 공원 > 도시근린공원,서울 중구 남산공원길 125-54,http://place.map.kakao.com/8246129,,126.989316855952,37.5524979951415,
11,서울,FAMOUS,B,3,1,원조남산왕돈까스,10,S8_10,원조남산왕돈까스,"음식점 > 일식 > 돈까스,우동",서울 중구 소파로 107,http://place.map.kakao.com/12706932,,126.98610647948,37.5573810686541,FD6
11,서울,FAMOUS,B,3,2,반포한강공원,8,S8_10,반포한강공원,여행 > 공원 > 도시근린공원,서울 서초구 반포동 115-5,http://place.map.kakao.com/8142957,,126.99716104081192,37.51081992690844,
11,서울,FAMOUS,B,3,3,서래마을,8,S8_10,서래마을,부동산 > 지명,서울 서초구 반포동 126,http://place.map.kakao.com/11308902,,126.9983150134587,37.49782745020692,
11,서울,FAMOUS,B,3,4,줄라이,10,S8_10,줄라이,음식점 > 양식,서울 서초구 동광로 164,http://place.map.kakao.com/16999431,,126.99998869183422,37.49471898913005,FD6
13,강릉,FAMOUS,A,1,0,강릉중앙시장,8,S8_10,강릉중앙시장,"가정,생활 > 시장",강원특별자치도 강릉시 금성로 21,http://place.map.kakao.com/18525909,,128.8986237900098,37.754025117657804,
13,강릉,FAMOUS,A,1,1,월화거리,10,S8_10,강릉월화거리,"여행 > 관광,명소 > 테마거리",강원특별자치도 강릉시 경강로 2111,http://place.map.kakao.com/2058461010,,128.897496501722,37.755909823698,AT4
13,강릉,FAMOUS,A,1,2,안목해변 카페거리,-3,NAME_MISMATCH,,,,,강릉카페거리,,,
13,강릉,FAMOUS,A,1,3,안목해변,10,S8_10,안목해변,"여행 > 관광,명소 > 해수욕장,해변",강원특별자치도 강릉시 창해로14번길 51-26,http://place.map.kakao.com/7987002,,128.948275405137,37.7722617595376,AT4
13,강릉,FAMOUS,A,1,4,강릉항 회센터,5,S5_7,강릉항회센터,"음식점 > 한식 > 해물,생선 > 회",강원특별자치도 강릉시 창해로14번길 55-7,http://place.map.kakao.com/24910113,,128.951556129146,37.7708309800024,FD6
13,강릉,FAMOUS,A,2,0,경포호,10,S8_10,경포호,"여행 > 관광,명소 > 호수",강원특별자치도 강릉시 운정동 984,http://place.map.kakao.com/8654759,,128.90233728167775,37.79555514873209,AT4
13,강릉,FAMOUS,A,2,1,오죽헌,8,S8_10,오죽헌,"여행 > 관광,명소 > 문화유적 > 유적지",강원특별자치도 강릉시 율곡로3139번길 24,http://place.map.kakao.com/25323416,,128.8775431442553,37.77924783956944,
13,강릉,FAMOUS,A,2,2,초당할머니순두부,10,S8_10,초당할머니순두부,음식점 > 한식 > 두부전문점,강원특별자치도 강릉시 초당순두부길 77,http://place.map.kakao.com/8535139,,128.915396082152,37.7905546548915,FD6
13,강릉,FAMOUS,A,2,3,허균·허난설헌 기념공원,3,S1_4,허균허난설헌기념공원,여행 > 공원,강원특별자치도 강릉시 난설헌로193번길 1-29,http://place.map.kakao.com/17344148,,128.90949773031988,37.79143235584392,
13,강릉,FAMOUS,A,2,4,강문해변,10,S8_10,강문해변,"여행 > 관광,명소 > 해수욕장,해변",강원특별자치도 강릉시 강문동 182-1,http://place.map.kakao.com/8680336,,128.919175274112,37.7948207421998,AT4
13,강릉,FAMOUS,A,2,5,강릉감자옹심이,10,S8_10,강릉감자옹심이 강릉본점,음식점 > 한식,강원특별자치도 강릉시 토성로 171,http://place.map.kakao.com/10127723,,128.8948797388186,37.75647532882446,FD6
13,강릉,FAMOUS,A,3,0,주문진 해변,5,S5_7,주문진해변,"여행 > 관광,명소 > 해수욕장,해변",강원특별자치도 강릉시 주문진읍 향호리 8-35,http://place.map.kakao.com/8073114,,128.818780222834,37.9111195197386,AT4
13,강릉,FAMOUS,A,3,1,주문진 수산시장,3,S1_4,주문진수산시장,"가정,생활 > 시장",강원특별자치도 강릉시 주문진읍 시장길 38,http://place.map.kakao.com/26985090,,128.827740622818,37.8911119348025,
13,강릉,FAMOUS,A,3,2,영진해변,10,S8_10,영진해변,"여행 > 관광,명소 > 해수욕장,해변",강원특별자치도 강릉시 연곡면 영진리 357-155,http://place.map.kakao.com/8004666,,128.84571093553842,37.86876197353724,AT4
13,강릉,FAMOUS,A,3,3,카페 브리사,-1,NO_RESULT,,,,,,,,
14,강릉,FAMOUS,B,1,0,안목해변,10,S8_10,안목해변,"여행 > 관광,명소 > 해수욕장,해변",강원특별자치도 강릉시 창해로14번길 51-26,http://place.map.kakao.com/7987002,,128.948275405137,37.7722617595376,AT4
14,강릉,FAMOUS,B,1,1,초당할머니순두부,10,S8_10,초당할머니순두부,음식점 > 한식 > 두부전문점,강원특별자치도 강릉시 초당순두부길 77,http://place.map.kakao.com/8535139,,128.915396082152,37.7905546548915,FD6
14,강릉,FAMOUS,B,1,2,오죽헌,8,S8_10,오죽헌,"여행 > 관광,명소 > 문화유적 > 유적지",강원특별자치도 강릉시 율곡로3139번길 24,http://place.map.kakao.com/25323416,,128.8775431442553,37.77924783956944,
14,강릉,FAMOUS,B,1,3,강릉솔향수목원,10,S8_10,강릉솔향수목원,"여행 > 관광,명소 > 수목원,식물원",강원특별자치도 강릉시 구정면 수목원길 156,http://place.map.kakao.com/25856200,,128.861466745895,37.6978031751826,AT4
14,강릉,FAMOUS,B,1,4,강릉중앙시장,8,S8_10,강릉중앙시장,"가정,생활 > 시장",강원특별자치도 강릉시 금성로 21,http://place.map.kakao.com/18525909,,128.8986237900098,37.754025117657804,
14,강릉,FAMOUS,B,2,0,정동진 해변,10,S8_10,정동진 해변,"여행 > 관광,명소 > 해수욕장,해변",강원특별자치도 강릉시 강동면 정동진리 64-3,http://place.map.kakao.com/11164998,,129.036259739972,37.6891659795686,AT4
14,강릉,FAMOUS,B,2,1,하슬라아트월드,10,S8_10,하슬라아트월드,"여행 > 관광,명소 > 테마파크",강원특별자치도 강릉시 강동면 율곡로 1441,http://place.map.kakao.com/8143646,,129.009485518837,37.7058296552942,AT4
14,강릉,FAMOUS,B,2,2,사천진항,8,S8_10,사천진항,"교통,수송 > 교통시설 > 항구,포구",강원특별자치도 강릉시 사천면 사천진리 2,http://place.map.kakao.com/26260120,,128.876988869022,37.8372562056956,
14,강릉,FAMOUS,B,2,3,주문진항,8,S8_10,주문진항,"교통,수송 > 교통시설 > 항구,포구",강원특별자치도 강릉시 주문진읍 교항리,http://place.map.kakao.com/8073113,,128.830783241993,37.8878396585196,
14,강릉,FAMOUS,B,2,4,영진해변,10,S8_10,영진해변,"여행 > 관광,명소 > 해수욕장,해변",강원특별자치도 강릉시 연곡면 영진리 357-155,http://place.map.kakao.com/8004666,,128.84571093553842,37.86876197353724,AT4
14,강릉,FAMOUS,B,2,5,강릉불고기,10,S8_10,강릉불고기,"음식점 > 한식 > 육류,고기 > 불고기,두루치기",강원특별자치도 강릉시 강동면 풍호길 270,http://place.map.kakao.com/1591766183,,128.959674983025,37.7490834016002,FD6
14,강릉,FAMOUS,B,3,0,경포호,10,S8_10,경포호,"여행 > 관광,명소 > 호수",강원특별자치도 강릉시 운정동 984,http://place.map.kakao.com/8654759,,128.90233728167775,37.79555514873209,AT4
14,강릉,FAMOUS,B,3,1,경포해변,10,S8_10,경포해변인증센터,"여행 > 관광,명소 > 자전거여행",강원특별자치도 강릉시 안현동 산 1-10,http://place.map.kakao.com/26935806,,128.9072507338109,37.80540468290833,AT4
14,강릉,FAMOUS,B,3,2,강릉해변막국수,-3,NAME_MISMATCH,,,,,송정해변막국수,,,
14,강릉,FAMOUS,B,3,3,강릉커피빵 본점,10,S8_10,강릉커피빵 본점,음식점 > 카페,강원특별자치도 강릉시 창해로350번길 29,http://place.map.kakao.com/1636307811,,128.917100497836,37.796504861485,CE7
14,강릉,FAMOUS,B,3,4,등명해변,10,S8_10,등명해변,"여행 > 관광,명소 > 해수욕장,해변",강원특별자치도 강릉시 강동면 정동진리 490-1,http://place.map.kakao.com/8281023,,129.016928857381,37.7040197603323,AT4
15,강릉,FAMOUS,C,1,0,강릉역,8,S8_10,강릉역,"교통,수송 > 기차,철도 > 기차역 > KTX정차역",강원특별자치도 강릉시 용지로 176,http://place.map.kakao.com/8632588,,128.899627553491,37.7645235587621,
15,강릉,FAMOUS,C,1,1,강릉중앙시장,8,S8_10,강릉중앙시장,"가정,생활 > 시장",강원특별자치도 강릉시 금성로 21,http://place.map.kakao.com/18525909,,128.8986237900098,37.754025117657804,
15,강릉,FAMOUS,C,1,2,금성백반,10,S8_10,금성,음식점 > 한식,강원특별자치도 강릉시 연곡면 소금강길 478,http://place.map.kakao.com/204977841,,128.705955186588,37.8151175923242,FD6
15,강릉,FAMOUS,C,1,3,안목해변,10,S8_10,안목해변,"여행 > 관광,명소 > 해수욕장,해변",강원특별자치도 강릉시 창해로14번길 51-26,http://place.map.kakao.com/7987002,,128.948275405137,37.7722617595376,AT4
15,강릉,FAMOUS,C,1,4,보사노바,10,S8_10,보사노바 커피로스터스 강릉점,음식점 > 카페,강원특별자치도 강릉시 창해로14번길 28,http://place.map.kakao.com/27320313,,128.94782940821094,37.772045728575314,CE7
15,강릉,FAMOUS,C,1,5,씨마크호텔 더 쉐프,-1,NO_RESULT,,,,,,,,
15,강릉,FAMOUS,C,2,0,오죽헌,8,S8_10,오죽헌,"여행 > 관광,명소 > 문화유적 > 유적지",강원특별자치도 강릉시 율곡로3139번길 24,http://place.map.kakao.com/25323416,,128.8775431442553,37.77924783956944,
15,강릉,FAMOUS,C,2,1,선교장,8,S8_10,강릉선교장,"여행 > 관광,명소 > 문화유적",강원특별자치도 강릉시 운정길 63,http://place.map.kakao.com/26979861,,128.885174241126,37.7866425660498,
15,강릉,FAMOUS,C,2,2,동화가든,10,S8_10,동화가든,음식점 > 한식 > 두부전문점,강원특별자치도 강릉시 초당순두부길77번길 15,http://place.map.kakao.com/7846414,,128.91466316141972,37.79114130470266,FD6
15,강릉,FAMOUS,C,2,3,경포호수,10,S8_10,경포호,"여행 > 관광,명소 > 호수",강원특별자치도 강릉시 운정동 984,http://place.map.kakao.com/8654759,,128.90233728167775,37.79555514873209,AT4
15,강릉,FAMOUS,C,2,4,강릉아트센터,8,S8_10,강릉아트센터,"문화,예술 > 문화시설 > 공연장,연극극장",강원특별자치도 강릉시 종합운동장길 84,http://place.map.kakao.com/539244312,,128.89534016652,37.7717128602944,CT1
15,강릉,FAMOUS,C,2,5,버드나무 브루어리,5,S5_7,버드나무브루어리,"음식점 > 술집 > 호프,요리주점",강원특별자치도 강릉시 경강로 1961,http://place.map.kakao.com/27152913,,128.88448548794807,37.74816239857708,FD6
15,강릉,FAMOUS,C,3,0,정동진역,8,S8_10,정동진역,"교통,수송 > 기차,철도 > 기차역 > KTX정차역",강원특별자치도 강릉시 강동면 정동역길 17,http://place.map.kakao.com/1995540275,,129.03268957371495,37.691430132528666,
15,강릉,FAMOUS,C,3,1,정동진 레일바이크,3,S1_4,정동진레일바이크,여행 > 체험여행,강원특별자치도 강릉시 강동면 정동역길 17,http://place.map.kakao.com/26319786,,129.0326432874239,37.691478674804905,
15,강릉,FAMOUS,C,3,2,정동진 해변횟집,-1,NO_RESULT,,,,,,,,
15,강릉,FAMOUS,C,3,3,하슬라아트월드,10,S8_10,하슬라아트월드,"여행 > 관광,명소 > 테마파크",강원특별자치도 강릉시 강동면 율곡로 1441,http://place.map.kakao.com/8143646,,129.009485518837,37.7058296552942,AT4
15,강릉,FAMOUS,C,3,4,강릉역,8,S8_10,강릉역,"교통,수송 > 기차,철도 > 기차역 > KTX정차역",강원특별자치도 강릉시 용지로 176,http://place.map.kakao.com/8632588,,128.899627553491,37.7645235587621,
16,순천,MINOR,A,1,0,순천만국가정원,10,S8_10,순천만국가정원,"여행 > 관광,명소 > 국가정원",전남광주통합특별시 순천시 국가정원1호길 47,http://place.map.kakao.com/25052480,,127.498901621838,34.9292183256846,AT4
16,순천,MINOR,A,1,1,순천만국가정원 푸드코트,-1,NO_RESULT,,,,,,,,
16,순천,MINOR,A,1,2,스카이큐브,8,S8_10,스카이큐브 사무실,"서비스,산업 > 관리,운영",전남광주통합특별시 순천시 강변로 435,http://place.map.kakao.com/389181911,,127.501770196301,34.9265140845075,
16,순천,MINOR,A,1,3,순천만습지,8,S8_10,순천만습지,"여행 > 관광,명소 > 생태보존,서식지",전남광주통합특별시 순천시 순천만길 513-25,http://place.map.kakao.com/1191246407,,127.509555018979,34.8856119885429,
16,순천,MINOR,A,1,4,순천만습지 용산전망대,-3,NAME_MISMATCH,,,,,순천만 용산전망대,,,
16,순천,MINOR,A,1,5,순천만가든,10,S8_10,순천만가든,음식점 > 한식,전남광주통합특별시 순천시 순천만길 576,http://place.map.kakao.com/8449415,,127.50953529713414,34.89251760110131,FD6
16,순천,MINOR,A,2,0,순천 드라마 촬영장,3,S1_4,순천드라마촬영장,"여행 > 관광,명소 > 촬영지",전남광주통합특별시 순천시 비례골길 24,http://place.map.kakao.com/27195962,,127.5380337865647,34.957084203504884,
16,순천,MINOR,A,2,1,건봉국밥,10,S8_10,건봉국밥,음식점 > 한식,전남광주통합특별시 순천시 장평로 65,http://place.map.kakao.com/14502586,,127.49395611781057,34.94553910858391,FD6
16,순천,MINOR,A,2,2,순천 문화의 거리,5,S5_7,순천문화의거리,"여행 > 관광,명소 > 테마거리",전남광주통합특별시 순천시 행동 65-58,http://place.map.kakao.com/18905860,,127.482416140561,34.9549309904526,AT4
16,순천,MINOR,A,2,3,동천,8,S8_10,순천동천,"여행 > 관광,명소 > 하천",전남광주통합특별시 순천시 동외동,http://place.map.kakao.com/25727652,,127.490324429653,34.9562874466484,
16,순천,MINOR,A,2,4,청춘창고,8,S8_10,청춘창고,"문화,예술 > 문화시설",전남광주통합특별시 순천시 역전길 34,http://place.map.kakao.com/744097924,,127.498743926826,34.9480073533838,
16,순천,MINOR,A,3,0,낙안읍성,10,S8_10,순천 낙안읍성,"여행 > 관광,명소 > 민속촌",전남광주통합특별시 순천시 낙안면 충민길 30,http://place.map.kakao.com/8234854,,127.34177719691982,34.90631043247128,AT4
16,순천,MINOR,A,3,1,낙안읍성 초가집식당,-1,NO_RESULT,,,,,,,,
16,순천,MINOR,A,3,2,카페 듀플렉스,-1,NO_RESULT,,,,,,,,
16,순천,MINOR,A,3,3,순천역,8,S8_10,순천역,"교통,수송 > 기차,철도 > 기차역 > KTX,SRT정차역",전남광주통합특별시 순천시 팔마로 135,http://place.map.kakao.com/18049670,,127.5030852726651,34.945801803518485,
17,순천,MINOR,B,1,0,순천만국가정원,10,S8_10,순천만국가정원,"여행 > 관광,명소 > 국가정원",전남광주통합특별시 순천시 국가정원1호길 47,http://place.map.kakao.com/25052480,,127.498901621838,34.9292183256846,AT4
17,순천,MINOR,B,1,1,순천만가든,10,S8_10,순천만가든,음식점 > 한식,전남광주통합특별시 순천시 순천만길 576,http://place.map.kakao.com/8449415,,127.50953529713414,34.89251760110131,FD6
17,순천,MINOR,B,1,2,순천만습지,8,S8_10,순천만습지,"여행 > 관광,명소 > 생태보존,서식지",전남광주통합특별시 순천시 순천만길 513-25,http://place.map.kakao.com/1191246407,,127.509555018979,34.8856119885429,
17,순천,MINOR,B,1,3,낙안읍성민속마을,8,S8_10,낙안읍성민속마을 김소아가옥,"여행 > 관광,명소 > 문화유적 > 생가,고택",전남광주통합특별시 순천시 낙안면 충민길 104,http://place.map.kakao.com/12760609,,127.33841899186014,34.90866975792214,
17,순천,MINOR,B,1,4,낙안읍성식당,-3,NAME_MISMATCH,,,,,향토음식점,,,
17,순천,MINOR,B,2,0,선암사,8,S8_10,선암사,"문화,예술 > 종교 > 불교 > 절,사찰",전남광주통합특별시 순천시 승주읍 선암사길 450,http://place.map.kakao.com/7947688,,127.33111270213585,34.99654790789232,
17,순천,MINOR,B,2,1,선암사전통찻집,-1,NO_RESULT,,,,,,,,
17,순천,MINOR,B,2,2,순천드라마촬영장,8,S8_10,순천드라마촬영장,"여행 > 관광,명소 > 촬영지",전남광주통합특별시 순천시 비례골길 24,http://place.map.kakao.com/27195962,,127.5380337865647,34.957084203504884,
17,순천,MINOR,B,2,3,순천문화의거리,10,S8_10,순천문화의거리,"여행 > 관광,명소 > 테마거리",전남광주통합특별시 순천시 행동 65-58,http://place.map.kakao.com/18905860,,127.482416140561,34.9549309904526,AT4
17,순천,MINOR,B,2,4,건봉국밥,10,S8_10,건봉국밥,음식점 > 한식,전남광주통합특별시 순천시 장평로 65,http://place.map.kakao.com/14502586,,127.49395611781057,34.94553910858391,FD6
17,순천,MINOR,B,3,0,동천,8,S8_10,순천동천,"여행 > 관광,명소 > 하천",전남광주통합특별시 순천시 동외동,http://place.map.kakao.com/25727652,,127.490324429653,34.9562874466484,
17,순천,MINOR,B,3,1,순천아랫장,8,S8_10,아랫장,"가정,생활 > 시장",전남광주통합특별시 순천시 장평로 60,http://place.map.kakao.com/18526165,,127.494648726561,34.9456660890017,
17,순천,MINOR,B,3,2,순천아랫장국밥거리,-3,NAME_MISMATCH,,,,,웃장 국밥골목,,,
17,순천,MINOR,B,3,3,카페 꼼마,-1,NO_RESULT,,,,,,,,
18,순천,MINOR,C,1,0,순천만국가정원,10,S8_10,순천만국가정원,"여행 > 관광,명소 > 국가정원",전남광주통합특별시 순천시 국가정원1호길 47,http://place.map.kakao.com/25052480,,127.498901621838,34.9292183256846,AT4
18,순천,MINOR,C,1,1,순천만가든,10,S8_10,순천만가든,음식점 > 한식,전남광주통합특별시 순천시 순천만길 576,http://place.map.kakao.com/8449415,,127.50953529713414,34.89251760110131,FD6
18,순천,MINOR,C,1,2,순천만습지,8,S8_10,순천만습지,"여행 > 관광,명소 > 생태보존,서식지",전남광주통합특별시 순천시 순천만길 513-25,http://place.map.kakao.com/1191246407,,127.509555018979,34.8856119885429,
18,순천,MINOR,C,1,3,순천 아랫장 야시장,-1,NO_RESULT,,,,,,,,
18,순천,MINOR,C,1,4,펍 앤 펍스,-1,NO_RESULT,,,,,,,,
18,순천,MINOR,C,2,0,낙안읍성,10,S8_10,순천 낙안읍성,"여행 > 관광,명소 > 민속촌",전남광주통합특별시 순천시 낙안면 충민길 30,http://place.map.kakao.com/8234854,,127.34177719691982,34.90631043247128,AT4
18,순천,MINOR,C,2,1,낙안읍성전통식당,-1,NO_RESULT,,,,,,,,
18,순천,MINOR,C,2,2,순천 드라마 촬영장,3,S1_4,순천드라마촬영장,"여행 > 관광,명소 > 촬영지",전남광주통합특별시 순천시 비례골길 24,http://place.map.kakao.com/27195962,,127.5380337865647,34.957084203504884,
18,순천,MINOR,C,2,3,순천만갈대밭한정식,-1,NO_RESULT,,,,,,,,
18,순천,MINOR,C,2,4,카페 101,-1,NO_RESULT,,,,,,,,
18,순천,MINOR,C,3,0,순천향교,8,S8_10,순천향교,"여행 > 관광,명소 > 문화유적 > 향교,서당",전남광주통합특별시 순천시 향교길 60,http://place.map.kakao.com/9843529,,127.479075747948,34.9543493012628,
18,순천,MINOR,C,3,1,순천 문화의 거리,5,S5_7,순천문화의거리,"여행 > 관광,명소 > 테마거리",전남광주통합특별시 순천시 행동 65-58,http://place.map.kakao.com/18905860,,127.482416140561,34.9549309904526,AT4
18,순천,MINOR,C,3,2,순천만꼬막정식,10,S8_10,순천만꼬막정식,"음식점 > 한식 > 해물,생선",전남광주통합특별시 순천시 순천만길 21,http://place.map.kakao.com/27551813,,127.493061483447,34.9255573131929,FD6
18,순천,MINOR,C,3,3,청춘창고,8,S8_10,청춘창고,"문화,예술 > 문화시설",전남광주통합특별시 순천시 역전길 34,http://place.map.kakao.com/744097924,,127.498743926826,34.9480073533838,
18,순천,MINOR,C,3,4,브루웍스,10,S8_10,브루웍스,음식점 > 카페 > 커피전문점,전남광주통합특별시 순천시 역전길 61,http://place.map.kakao.com/1899980947,,127.49838494070401,34.94729763840284,CE7
18,순천,MINOR,C,3,5,순천역,8,S8_10,순천역,"교통,수송 > 기차,철도 > 기차역 > KTX,SRT정차역",전남광주통합특별시 순천시 팔마로 135,http://place.map.kakao.com/18049670,,127.5030852726651,34.945801803518485,
19,영주,MINOR,A,1,0,소수서원,8,S8_10,소수서원,"여행 > 관광,명소 > 문화유적 > 서원",경북 영주시 순흥면 소백로 2740,http://place.map.kakao.com/9479775,,128.580202883743,36.9256206705394,
19,영주,MINOR,A,1,1,선비촌,8,S8_10,선비촌,"교육,학문 > 교육단체 > 체험학습장",경북 영주시 순흥면 소백로 2796,http://place.map.kakao.com/15456128,,128.58267875884908,36.927531150886296,
19,영주,MINOR,A,1,2,정도너츠 본점,10,S8_10,정도너츠 본점,음식점 > 간식 > 도넛,경북 영주시 풍기읍 동성로 94,http://place.map.kakao.com/8057712,,128.52607796764966,36.87158149782816,FD6
19,영주,MINOR,A,1,3,카페 소수,10,S8_10,소수,음식점 > 카페 > 테마카페 > 디저트카페,경북 영주시 대학로201번길 19,http://place.map.kakao.com/2011002342,,128.60399794509118,36.81296557280047,CE7
19,영주,MINOR,A,1,4,서천둔치,8,S8_10,서천둔치,여행 > 공원 > 도시근린공원,경북 영주시 가흥동 1381-1,http://place.map.kakao.com/17504796,,128.614728414525,36.8223412751417,
19,영주,MINOR,A,1,5,영주 랜떡,8,S8_10,랜떡,"가정,생활 > 식품판매",경북 영주시 중앙로83번길 33,http://place.map.kakao.com/557493276,,128.62329661333362,36.82384099042186,
19,영주,MINOR,A,2,0,부석사,8,S8_10,부석사,"문화,예술 > 종교 > 불교 > 절,사찰",경북 영주시 부석면 부석사로 345,http://place.map.kakao.com/7909668,,128.68710185255878,36.99847278888451,
19,영주,MINOR,A,2,1,부석사식당,10,S8_10,부석사식당,음식점 > 한식,경북 영주시 부석면 부석사로 317,http://place.map.kakao.com/16430745,,128.681696430694,36.9952023939712,FD6
19,영주,MINOR,A,2,2,무섬마을,8,S8_10,무섬마을,"여행 > 체험여행 > 정보화,체험마을",경북 영주시 문수면 무섬로234번길 31-12,http://place.map.kakao.com/25236073,,128.621571371272,36.7318548849167,
19,영주,MINOR,A,2,3,영주365시장,8,S8_10,영주365시장,"교통,수송 > 교통시설 > 주차장 > 공영주차장",경북 영주시 영주로 204,http://place.map.kakao.com/1721077295,,128.622145849876,36.8257100690879,PK6
19,영주,MINOR,A,2,4,콩이랑,-3,NAME_MISMATCH,,,,,콩세계과학관,,,
19,영주,MINOR,A,3,0,영주호 오토캠핑장,8,S8_10,영주호 오토캠핑장,"여행 > 숙박 > 야영,캠핑장 > 오토캠핑장",경북 영주시 평은면 강동로 26,http://place.map.kakao.com/379988990,,128.66000542147995,36.71732762019703,AD5
19,영주,MINOR,A,3,1,영주호 출렁다리,-1,NO_RESULT,,,,,,,,
19,영주,MINOR,A,3,2,일월식당,10,S8_10,일월식당,음식점 > 중식 > 중국요리,경북 영주시 부석면 부석로 25-1,http://place.map.kakao.com/9407415,,128.65255330555206,36.97726965420002,FD6
19,영주,MINOR,A,3,3,카페 그루,-1,NO_RESULT,,,,,,,,
20,영주,MINOR,B,1,0,부석사,8,S8_10,부석사,"문화,예술 > 종교 > 불교 > 절,사찰",경북 영주시 부석면 부석사로 345,http://place.map.kakao.com/7909668,,128.68710185255878,36.99847278888451,
20,영주,MINOR,B,1,1,영주한우프라자,-3,NAME_MISMATCH,,,,,영주축협한우프라자 본점,,,
20,영주,MINOR,B,1,2,소수서원,8,S8_10,소수서원,"여행 > 관광,명소 > 문화유적 > 서원",경북 영주시 순흥면 소백로 2740,http://place.map.kakao.com/9479775,,128.580202883743,36.9256206705394,
20,영주,MINOR,B,1,3,선비촌,8,S8_10,선비촌,"교육,학문 > 교육단체 > 체험학습장",경북 영주시 순흥면 소백로 2796,http://place.map.kakao.com/15456128,,128.58267875884908,36.927531150886296,
20,영주,MINOR,B,1,4,정도너츠 본점,10,S8_10,정도너츠 본점,음식점 > 간식 > 도넛,경북 영주시 풍기읍 동성로 94,http://place.map.kakao.com/8057712,,128.52607796764966,36.87158149782816,FD6
20,영주,MINOR,B,1,5,풍기인삼갈비,10,S8_10,풍기인삼갈비,"음식점 > 한식 > 육류,고기 > 갈비",경북 영주시 풍기읍 소백로 1933,http://place.map.kakao.com/8119314,,128.536015997849,36.8697757636918,FD6
20,영주,MINOR,B,2,0,무섬마을,8,S8_10,무섬마을,"여행 > 체험여행 > 정보화,체험마을",경북 영주시 문수면 무섬로234번길 31-12,http://place.map.kakao.com/25236073,,128.621571371272,36.7318548849167,
20,영주,MINOR,B,2,1,무섬식당,10,S8_10,무섬식당,음식점 > 한식,경북 영주시 문수면 무섬로 238-3,http://place.map.kakao.com/471703179,,128.6212638792123,36.73298895340081,FD6
20,영주,MINOR,B,2,2,국립산림치유원,10,S8_10,국립산림치유원,"여행 > 관광,명소 > 자연휴양림",경북 영주시 봉현면 테라피로 209,http://place.map.kakao.com/26572603,,128.4725711798958,36.85780070425073,AT4
20,영주,MINOR,B,2,3,희방사,8,S8_10,희방사,"문화,예술 > 종교 > 불교 > 절,사찰",경북 영주시 풍기읍 죽령로1720번길 278,http://place.map.kakao.com/8174684,,128.45705707846585,36.91998100388957,
20,영주,MINOR,B,2,4,희방폭포,8,S8_10,희방폭포,"여행 > 관광,명소 > 폭포",경북 영주시 풍기읍 수철리,http://place.map.kakao.com/8176818,,128.45809367955,36.9178445952149,
20,영주,MINOR,B,2,5,순흥묵집,-3,NAME_MISMATCH,,,,,순흥전통묵집,,,
20,영주,MINOR,B,3,0,영주 근대골목,-1,NO_RESULT,,,,,,,,
20,영주,MINOR,B,3,1,영주365시장,8,S8_10,영주365시장,"교통,수송 > 교통시설 > 주차장 > 공영주차장",경북 영주시 영주로 204,http://place.map.kakao.com/1721077295,,128.622145849876,36.8257100690879,PK6
20,영주,MINOR,B,3,2,랜떡,10,S8_10,영주랜떡,음식점 > 분식 > 떡볶이,경북 영주시 중앙로83번길 26-2,http://place.map.kakao.com/2015360199,,128.623692038873,36.8237256673362,FD6
20,영주,MINOR,B,3,3,영주호반둘레길,-1,NO_RESULT,,,,,,,,
20,영주,MINOR,B,3,4,카페 그날,-1,NO_RESULT,,,,,,,,
21,영주,MINOR,C,1,0,부석사,8,S8_10,부석사,"문화,예술 > 종교 > 불교 > 절,사찰",경북 영주시 부석면 부석사로 345,http://place.map.kakao.com/7909668,,128.68710185255878,36.99847278888451,
21,영주,MINOR,C,1,1,부석사식당,10,S8_10,부석사식당,음식점 > 한식,경북 영주시 부석면 부석사로 317,http://place.map.kakao.com/16430745,,128.681696430694,36.9952023939712,FD6
21,영주,MINOR,C,1,2,소수서원,8,S8_10,소수서원,"여행 > 관광,명소 > 문화유적 > 서원",경북 영주시 순흥면 소백로 2740,http://place.map.kakao.com/9479775,,128.580202883743,36.9256206705394,
21,영주,MINOR,C,1,3,선비촌,8,S8_10,선비촌,"교육,학문 > 교육단체 > 체험학습장",경북 영주시 순흥면 소백로 2796,http://place.map.kakao.com/15456128,,128.58267875884908,36.927531150886296,
21,영주,MINOR,C,1,4,영주한우프라자,-3,NAME_MISMATCH,,,,,영주축협한우프라자 본점,,,
21,영주,MINOR,C,2,0,풍기인삼시장,8,S8_10,풍기인삼시장,"가정,생활 > 시장",경북 영주시 풍기읍 인삼로 8,http://place.map.kakao.com/17097677,,128.52360977088,36.8729989280619,
21,영주,MINOR,C,2,1,풍기인삼뚝배기,-3,NAME_MISMATCH,,,,,풍기인삼갈비,,,
21,영주,MINOR,C,2,2,무섬마을,8,S8_10,무섬마을,"여행 > 체험여행 > 정보화,체험마을",경북 영주시 문수면 무섬로234번길 31-12,http://place.map.kakao.com/25236073,,128.621571371272,36.7318548849167,
21,영주,MINOR,C,2,3,카페 그랜드,-1,NO_RESULT,,,,,,,,
21,영주,MINOR,C,2,4,고려정,-1,NO_RESULT,,,,,,,,
21,영주,MINOR,C,3,0,영주 레일바이크,-1,NO_RESULT,,,,,,,,
21,영주,MINOR,C,3,1,나드리,10,S8_10,나드리,음식점 > 분식,경북 영주시 중앙로 89,http://place.map.kakao.com/8241870,,128.62484665091358,36.823366607937686,FD6
21,영주,MINOR,C,3,2,후생시장,8,S8_10,후생시장,"가정,생활 > 시장",경북 영주시 영주동 335-1,http://place.map.kakao.com/18525308,,128.6228389825415,36.82652953432193,
21,영주,MINOR,C,3,3,카페 148 아트스페이스,-1,NO_RESULT,,,,,,,,
22,공주,MINOR,A,1,0,공산성,8,S8_10,공산성,"여행 > 관광,명소 > 문화유적 > 산성,성곽",충남 공주시 웅진로 280,http://place.map.kakao.com/11377223,,127.126296598501,36.4632408446971,
22,공주,MINOR,A,1,1,고마나루돌쌈밥,-3,NAME_MISMATCH,,,,,고마나루1999,,,
22,공주,MINOR,A,1,2,제민천,8,S8_10,제민천,"여행 > 관광,명소 > 하천",충남 공주시 반죽동,http://place.map.kakao.com/25729707,,127.123280795273,36.4525489829247,
22,공주,MINOR,A,1,3,루치아의뜰,5,S5_7,루치아의 뜰,음식점 > 카페 > 전통찻집,충남 공주시 웅진로 145-8,http://place.map.kakao.com/21626744,,127.12378364488573,36.45380108151801,CE7
22,공주,MINOR,A,1,4,밤마을,10,S8_10,베이커리 밤마을,"음식점 > 간식 > 제과,베이커리",충남 공주시 백미고을길 5-9,http://place.map.kakao.com/904041132,,127.12300557505748,36.46475282882715,FD6
22,공주,MINOR,A,2,0,무령왕릉과 왕릉원,8,S8_10,공주 무령왕릉과 왕릉원,"여행 > 관광,명소 > 문화유적 > 릉,묘,총",충남 공주시 금성동 산 5-19,http://place.map.kakao.com/2056894818,,127.11438780551102,36.46303837520446,
22,공주,MINOR,A,2,1,국립공주박물관,8,S8_10,국립공주박물관,"문화,예술 > 문화시설 > 박물관",충남 공주시 관광단지길 34,http://place.map.kakao.com/9666851,,127.111970382242,36.4655008430605,CT1
22,공주,MINOR,A,2,2,명성불고기,10,S8_10,명성불고기,"음식점 > 한식 > 육류,고기 > 불고기,두루치기",충남 공주시 웅진로 200,http://place.map.kakao.com/16685332,,127.125065675344,36.4581559734922,FD6
22,공주,MINOR,A,2,3,공주 한옥마을,3,S1_4,공주한옥마을,"여행 > 관광,명소",충남 공주시 관광단지길 12,http://place.map.kakao.com/21490830,,127.1087614836584,36.464571106566154,
22,공주,MINOR,A,2,4,한옥카페 고담,-1,NO_RESULT,,,,,,,,
22,공주,MINOR,A,2,5,공주칼국수,7,S5_7,공주칼국수 쭈꾸미구이 고운점,음식점 > 한식 > 국수 > 칼국수,세종특별자치시 만남로 19,http://place.map.kakao.com/1681510668,,127.235911691496,36.5014927163253,FD6
22,공주,MINOR,A,3,0,계룡산 동학사,3,S1_4,계룡산동학사 자동차야영장,"여행 > 숙박 > 야영,캠핑장 > 오토캠핑장",충남 공주시 반포면 동학사2로 115-16,http://place.map.kakao.com/438318648,,127.24164152882835,36.357685705005906,AD5
22,공주,MINOR,A,3,1,동학사원조파전,-1,NO_RESULT,,,,,,,,
22,공주,MINOR,A,3,2,미르섬,10,S8_10,미르섬,"여행 > 관광,명소 > 섬 > 섬(내륙)",충남 공주시 금벽로 368,http://place.map.kakao.com/26985243,,127.128418890171,36.4674920688043,AT4
22,공주,MINOR,A,3,3,공주산성시장,8,S8_10,공주산성시장,"가정,생활 > 시장",충남 공주시 산성동 195,http://place.map.kakao.com/18514563,,127.12370210568287,36.45865123227841,
23,공주,MINOR,B,1,0,공산성,8,S8_10,공산성,"여행 > 관광,명소 > 문화유적 > 산성,성곽",충남 공주시 웅진로 280,http://place.map.kakao.com/11377223,,127.126296598501,36.4632408446971,
23,공주,MINOR,B,1,1,공주 산성시장,3,S1_4,공주산성시장,"가정,생활 > 시장",충남 공주시 산성동 195,http://place.map.kakao.com/18514563,,127.12370210568287,36.45865123227841,
23,공주,MINOR,B,1,2,무령왕릉과 송산리고분군,-1,NO_RESULT,,,,,,,,
23,공주,MINOR,B,1,3,국립공주박물관,8,S8_10,국립공주박물관,"문화,예술 > 문화시설 > 박물관",충남 공주시 관광단지길 34,http://place.map.kakao.com/9666851,,127.111970382242,36.4655008430605,CT1
23,공주,MINOR,B,1,4,공주밤꽃이야기,-1,NO_RESULT,,,,,,,,
23,공주,MINOR,B,2,0,공주한옥마을,8,S8_10,공주한옥마을,"여행 > 관광,명소",충남 공주시 관광단지길 12,http://place.map.kakao.com/21490830,,127.1087614836584,36.464571106566154,
23,공주,MINOR,B,2,1,공주역사영상관,-1,NO_RESULT,,,,,,,,
23,공주,MINOR,B,2,2,고마나루 돌쌈밥,-3,NAME_MISMATCH,,,,,고마나루1999,,,
23,공주,MINOR,B,2,3,금강신관공원,8,S8_10,금강신관공원,여행 > 공원,충남 공주시 신관동 439-2,http://place.map.kakao.com/27190216,,127.131346266195,36.4673374877505,
23,공주,MINOR,B,2,4,미르섬,10,S8_10,미르섬,"여행 > 관광,명소 > 섬 > 섬(내륙)",충남 공주시 금벽로 368,http://place.map.kakao.com/26985243,,127.128418890171,36.4674920688043,AT4
23,공주,MINOR,B,2,5,명성불고기,10,S8_10,명성불고기,"음식점 > 한식 > 육류,고기 > 불고기,두루치기",충남 공주시 웅진로 200,http://place.map.kakao.com/16685332,,127.125065675344,36.4581559734922,FD6
23,공주,MINOR,B,3,0,마곡사,8,S8_10,마곡사,"문화,예술 > 종교 > 불교 > 절,사찰",충남 공주시 사곡면 마곡사로 966,http://place.map.kakao.com/8300061,,127.01220139973668,36.5594919877831,
23,공주,MINOR,B,3,1,마곡사식당,-3,NAME_MISMATCH,,,,,청남가든,,,
23,공주,MINOR,B,3,2,계룡산국립공원 동학사지구,10,S8_10,계룡산국립공원 동학사지구,"여행 > 관광,명소 > 국립공원 > 국립공원 지구",충남 공주시 반포면 동학사1로 327-6,http://place.map.kakao.com/27071207,,127.232421885248,36.3569019461263,AT4
23,공주,MINOR,B,3,3,엔학고레,10,S8_10,엔학고레,음식점 > 카페,충남 공주시 반포면 불장골길 113-12,http://place.map.kakao.com/763376396,,127.2659169664,36.3980932486072,CE7
24,공주,MINOR,C,1,0,공산성,8,S8_10,공산성,"여행 > 관광,명소 > 문화유적 > 산성,성곽",충남 공주시 웅진로 280,http://place.map.kakao.com/11377223,,127.126296598501,36.4632408446971,
24,공주,MINOR,C,1,1,밤꽃,8,S8_10,농헙회사법인 공주밤꽃향기,"가정,생활 > 식품판매",충남 공주시 정안면 정안마곡사로 360-13,http://place.map.kakao.com/251817675,,127.087254684946,36.6246079933395,
24,공주,MINOR,C,1,2,공주 한옥마을,3,S1_4,공주한옥마을,"여행 > 관광,명소",충남 공주시 관광단지길 12,http://place.map.kakao.com/21490830,,127.1087614836584,36.464571106566154,
24,공주,MINOR,C,1,3,제민천,8,S8_10,제민천,"여행 > 관광,명소 > 하천",충남 공주시 반죽동,http://place.map.kakao.com/25729707,,127.123280795273,36.4525489829247,
24,공주,MINOR,C,1,4,명가,10,S8_10,기품명가,음식점 > 한식,충남 공주시 백미고을길 10-1,http://place.map.kakao.com/25808889,,127.12228387198203,36.465552000843026,FD6
24,공주,MINOR,C,2,0,송산리고분군,-3,NAME_MISMATCH,,,,,공주 무령왕릉과 왕릉원,,,
24,공주,MINOR,C,2,1,국립공주박물관,8,S8_10,국립공주박물관,"문화,예술 > 문화시설 > 박물관",충남 공주시 관광단지길 34,http://place.map.kakao.com/9666851,,127.111970382242,36.4655008430605,CT1
24,공주,MINOR,C,2,2,이학식당,-1,NO_RESULT,,,,,,,,
24,공주,MINOR,C,2,3,공주풀꽃문학관,-3,NAME_MISMATCH,,,,,나태주풀꽃문학관,,,
24,공주,MINOR,C,2,4,황새바위성지,8,S8_10,황새바위성지,"문화,예술 > 종교 > 천주교",충남 공주시 왕릉로 118,http://place.map.kakao.com/10106851,,127.120085578471,36.4638528370737,
24,공주,MINOR,C,2,5,한일식당,-1,NO_RESULT,,,,,,,,
24,공주,MINOR,C,3,0,공주역사영상관,-1,NO_RESULT,,,,,,,,
24,공주,MINOR,C,3,1,공주하숙마을,8,S8_10,공주하숙마을,여행 > 숙박 > 게스트하우스,충남 공주시 당간지주길 21,http://place.map.kakao.com/2012635681,,127.123182049949,36.4521814095938,AD5
24,공주,MINOR,C,3,2,고마나루,8,S8_10,공주 고마나루,"여행 > 관광,명소 > 문화유적 > 유적지",충남 공주시 웅진동 산 21-3,http://place.map.kakao.com/12777448,,127.1070237989073,36.47064200838497,
24,공주,MINOR,C,3,3,루치아의뜰,5,S5_7,루치아의 뜰,음식점 > 카페 > 전통찻집,충남 공주시 웅진로 145-8,http://place.map.kakao.com/21626744,,127.12378364488573,36.45380108151801,CE7
24,공주,MINOR,C,3,4,공주산성시장,8,S8_10,공주산성시장,"가정,생활 > 시장",충남 공주시 산성동 195,http://place.map.kakao.com/18514563,,127.12370210568287,36.45865123227841,
25,통영,MINOR,A,1,0,통영 중앙시장,3,S1_4,통영중앙시장사업협동조합,"사회,공공기관 > 단체,협회 > 협동,소비조합",경남 통영시 중앙로 160,http://place.map.kakao.com/9564358,,128.4242234551335,34.84604224835238,
25,통영,MINOR,A,1,1,오미사꿀빵 본점,10,S8_10,오미사꿀빵 본점,"음식점 > 간식 > 제과,베이커리",경남 통영시 충렬로 14-18,http://place.map.kakao.com/8455466,,128.420267751601,34.8426554227319,FD6
25,통영,MINOR,A,1,2,동피랑 벽화마을,3,S1_4,동피랑벽화마을,"여행 > 관광,명소 > 문화유적 > 그림,벽화",경남 통영시 동피랑1길 6-18,http://place.map.kakao.com/10290301,,128.427625013602,34.845305652074,
25,통영,MINOR,A,1,3,서피랑 공원,3,S1_4,서피랑공원,여행 > 공원,경남 통영시 중앙동 192,http://place.map.kakao.com/1649343384,,128.420561312772,34.8446610133979,
25,통영,MINOR,A,1,4,해물가,7,S5_7,통영해물가 창원본점,"음식점 > 한식 > 해물,생선",경남 창원시 성산구 용지로 233,http://place.map.kakao.com/1816577803,,128.686047478239,35.2346376121798,FD6
25,통영,MINOR,A,1,5,강구안,8,S8_10,강구안,"교통,수송 > 교통시설 > 항구,포구",경남 통영시 명정동,http://place.map.kakao.com/12657613,,128.424496417531,34.843420748574,
25,통영,MINOR,A,2,0,한려수도 조망 케이블카,-3,NAME_MISMATCH,,,,,통영케이블카,,,
25,통영,MINOR,A,2,1,미륵산회식당,-1,NO_RESULT,,,,,,,,
25,통영,MINOR,A,2,2,이순신공원,8,S8_10,이순신공원,여행 > 공원 > 도시근린공원,경남 통영시 정량동 628,http://place.map.kakao.com/11807745,,128.44282467452436,34.84380765625365,
25,통영,MINOR,A,2,3,통영 해저터널,8,S8_10,해저터널,"교통,수송 > 도로시설 > 터널",경남 통영시 당동 13,http://place.map.kakao.com/155247789,,128.411169821451,34.8358608903463,
25,통영,MINOR,A,2,4,뚱보할매김밥집,10,S8_10,뚱보할매김밥집,음식점 > 분식,경남 통영시 통영해안로 325,http://place.map.kakao.com/24199598,,128.42367762562958,34.84386747160767,FD6
25,통영,MINOR,A,3,0,남망산 조각공원,3,S1_4,남망산조각공원,여행 > 공원 > 도시근린공원,경남 통영시 남망공원길 29,http://place.map.kakao.com/8186523,,128.430062857732,34.8408750182252,
25,통영,MINOR,A,3,1,통영전통공예관,8,S8_10,통영전통공예관,"문화,예술 > 미술,공예 > 전통공예",경남 통영시 도남로 281,http://place.map.kakao.com/8108621,,128.432881829267,34.8266588331879,
25,통영,MINOR,A,3,2,한일김밥,10,S8_10,한일김밥 본점,음식점 > 분식,경남 통영시 통영해안로 319,http://place.map.kakao.com/8608591,,128.423348703468,34.8433043981677,FD6
25,통영,MINOR,A,3,3,카페 울라봉,5,S5_7,카페울라봉,음식점 > 카페 > 테마카페,경남 통영시 동문로 51,http://place.map.kakao.com/25037933,,128.42901456037887,34.84650790049783,CE7
25,통영,MINOR,A,3,4,통영 여객선터미널,-3,NAME_MISMATCH,,,,,통영항여객선터미널,,,
26,통영,MINOR,B,1,0,미륵산 케이블카,-3,NAME_MISMATCH,,,,,통영케이블카,,,
26,통영,MINOR,B,1,1,통영맛집다정,-1,NO_RESULT,,,,,,,,
26,통영,MINOR,B,1,2,통영 루지,5,S5_7,통영루지김치쌈,음식점 > 한식,경남 통영시 데메3길 27-44,http://place.map.kakao.com/631823258,,128.422461979597,34.8281114664749,FD6
26,통영,MINOR,B,1,3,이순신공원,8,S8_10,이순신공원,여행 > 공원 > 도시근린공원,경남 통영시 정량동 628,http://place.map.kakao.com/11807745,,128.44282467452436,34.84380765625365,
26,통영,MINOR,B,1,4,통영 중앙시장,3,S1_4,통영중앙시장사업협동조합,"사회,공공기관 > 단체,협회 > 협동,소비조합",경남 통영시 중앙로 160,http://place.map.kakao.com/9564358,,128.4242234551335,34.84604224835238,
26,통영,MINOR,B,1,5,해원횟집,10,S8_10,해원횟집,"음식점 > 한식 > 해물,생선 > 회",경남 통영시 미수해안로 125-5,http://place.map.kakao.com/17965462,,128.410868896343,34.8336002850393,FD6
26,통영,MINOR,B,2,0,동피랑 벽화마을,3,S1_4,동피랑벽화마을,"여행 > 관광,명소 > 문화유적 > 그림,벽화",경남 통영시 동피랑1길 6-18,http://place.map.kakao.com/10290301,,128.427625013602,34.845305652074,
26,통영,MINOR,B,2,1,서피랑 공원,3,S1_4,서피랑공원,여행 > 공원,경남 통영시 중앙동 192,http://place.map.kakao.com/1649343384,,128.420561312772,34.8446610133979,
26,통영,MINOR,B,2,2,통영명가,10,S8_10,명가,음식점 > 한식 > 냉면,경남 통영시 항남5길 12-17,http://place.map.kakao.com/26869734,,128.421647309235,34.8407429479254,FD6
26,통영,MINOR,B,2,3,달아공원,8,S8_10,통영달아공원,여행 > 공원 > 도시근린공원,경남 통영시 산양읍 산양일주로 1115,http://place.map.kakao.com/8620439,,128.399268095069,34.7691638416324,
26,통영,MINOR,B,2,4,통영굴마을,-3,NAME_MISMATCH,,,,,대풍관,,,
26,통영,MINOR,B,3,0,통영 해저터널,8,S8_10,해저터널,"교통,수송 > 도로시설 > 터널",경남 통영시 당동 13,http://place.map.kakao.com/155247789,,128.411169821451,34.8358608903463,
26,통영,MINOR,B,3,1,통영 수산과학관,3,S1_4,통영수산과학관,"문화,예술 > 문화시설 > 과학관",경남 통영시 산양읍 척포길 628-111,http://place.map.kakao.com/8571856,,128.406859723523,34.7641695417523,CT1
26,통영,MINOR,B,3,2,훈이네해물뚝배기,-1,NO_RESULT,,,,,,,,
26,통영,MINOR,B,3,3,강구안,8,S8_10,강구안,"교통,수송 > 교통시설 > 항구,포구",경남 통영시 명정동,http://place.map.kakao.com/12657613,,128.424496417531,34.843420748574,
26,통영,MINOR,B,3,4,오미사꿀빵 본점,10,S8_10,오미사꿀빵 본점,"음식점 > 간식 > 제과,베이커리",경남 통영시 충렬로 14-18,http://place.map.kakao.com/8455466,,128.420267751601,34.8426554227319,FD6
27,통영,MINOR,C,1,0,동피랑 벽화마을,3,S1_4,동피랑벽화마을,"여행 > 관광,명소 > 문화유적 > 그림,벽화",경남 통영시 동피랑1길 6-18,http://place.map.kakao.com/10290301,,128.427625013602,34.845305652074,
27,통영,MINOR,C,1,1,통영해물가,-3,NAME_MISMATCH,,,,,통영칼국수128,,,
27,통영,MINOR,C,1,2,서피랑 공원,3,S1_4,서피랑공원,여행 > 공원,경남 통영시 중앙동 192,http://place.map.kakao.com/1649343384,,128.420561312772,34.8446610133979,
27,통영,MINOR,C,1,3,강구안,8,S8_10,강구안,"교통,수송 > 교통시설 > 항구,포구",경남 통영시 명정동,http://place.map.kakao.com/12657613,,128.424496417531,34.843420748574,
27,통영,MINOR,C,1,4,울산다찌,10,S8_10,울산다찌,"음식점 > 한식 > 해물,생선 > 회",경남 통영시 미수해안로 157,http://place.map.kakao.com/25746655,,128.4144839165626,34.8329679385357,FD6
27,통영,MINOR,C,2,0,통영 케이블카,3,S1_4,통영케이블카,"여행 > 관광,명소 > 케이블카",경남 통영시 발개로 205,http://place.map.kakao.com/11657791,,128.4252739118599,34.826880707575086,
27,통영,MINOR,C,2,1,스카이라인 루지 통영,10,S8_10,스카이라인 루지 통영,"여행 > 관광,명소 > 테마파크",경남 통영시 발개로 178,http://place.map.kakao.com/97760888,,128.4241399364986,34.82437482310263,AT4
27,통영,MINOR,C,2,2,대풍관,10,S8_10,대풍관,"음식점 > 한식 > 해물,생선 > 굴,전복",경남 통영시 해송정2길 29,http://place.map.kakao.com/115499738,,128.42738407387415,34.843255299105984,FD6
27,통영,MINOR,C,2,3,이순신공원,8,S8_10,이순신공원,여행 > 공원 > 도시근린공원,경남 통영시 정량동 628,http://place.map.kakao.com/11807745,,128.44282467452436,34.84380765625365,
27,통영,MINOR,C,2,4,한일식당,10,S8_10,한일식당 통영점,"음식점 > 한식 > 육류,고기",경남 통영시 무전5길 8,http://place.map.kakao.com/17469288,,128.42648380655,34.8605150901494,FD6
27,통영,MINOR,C,3,0,통영 중앙시장,3,S1_4,통영중앙시장사업협동조합,"사회,공공기관 > 단체,협회 > 협동,소비조합",경남 통영시 중앙로 160,http://place.map.kakao.com/9564358,,128.4242234551335,34.84604224835238,
27,통영,MINOR,C,3,1,오미사꿀빵 본점,10,S8_10,오미사꿀빵 본점,"음식점 > 간식 > 제과,베이커리",경남 통영시 충렬로 14-18,http://place.map.kakao.com/8455466,,128.420267751601,34.8426554227319,FD6
27,통영,MINOR,C,3,2,통영 해원횟집,10,S8_10,해원횟집,"음식점 > 한식 > 해물,생선 > 회",경남 통영시 미수해안로 125-5,http://place.map.kakao.com/17965462,,128.410868896343,34.8336002850393,FD6
27,통영,MINOR,C,3,3,남망산 조각공원,3,S1_4,남망산조각공원,여행 > 공원 > 도시근린공원,경남 통영시 남망공원길 29,http://place.map.kakao.com/8186523,,128.430062857732,34.8408750182252,
27,통영,MINOR,C,3,4,어촌밥상,10,S8_10,어촌밥상,음식점 > 한식,경남 통영시 욕지면 십리골길 1,http://place.map.kakao.com/438396706,,128.351972087184,34.650654154007256,FD6
28,삼척,MINOR,A,1,0,죽서루,8,S8_10,죽서루,"여행 > 관광,명소 > 문화유적",강원특별자치도 삼척시 죽서루길 37,http://place.map.kakao.com/10793255,,129.1605384437938,37.440889993161896,
28,삼척,MINOR,A,1,1,부명칼국수,-3,NAME_MISMATCH,,,,,부명손칼국수,,,
28,삼척,MINOR,A,1,2,삼척해변,10,S8_10,삼척해변,"여행 > 관광,명소 > 해수욕장,해변",강원특별자치도 삼척시 갈천동 14-22,http://place.map.kakao.com/7935331,,129.169840592389,37.4679249803602,AT4
28,삼척,MINOR,A,1,3,카페 사계,-1,NO_RESULT,,,,,,,,
28,삼척,MINOR,A,1,4,해변횟집,-3,NAME_MISMATCH,,,,,은혜횟집,,,
28,삼척,MINOR,A,2,0,삼척해상케이블카,8,S8_10,삼척해상케이블카 용화역,"여행 > 관광,명소 > 케이블카",강원특별자치도 삼척시 근덕면 삼척로 2154-31,http://place.map.kakao.com/1832162456,,129.3082554090972,37.28911646950862,
28,삼척,MINOR,A,2,1,장호항,8,S8_10,장호항,"교통,수송 > 교통시설 > 항구,포구",강원특별자치도 삼척시 근덕면 장호리 1-13,http://place.map.kakao.com/26952521,,129.31786815499595,37.28852224018127,
28,삼척,MINOR,A,2,2,장호항회식당,-3,NAME_MISMATCH,,,,,장호항영기횟집,,,
28,삼척,MINOR,A,2,3,용화해변,10,S8_10,용화해변,"여행 > 관광,명소 > 해수욕장,해변",강원특별자치도 삼척시 근덕면 용화리 14-5,http://place.map.kakao.com/10704292,,129.305368120565,37.2896772415477,AT4
28,삼척,MINOR,A,2,4,카페 바다,-3,NAME_MISMATCH,,,,,잔잔한바다카페,,,
28,삼척,MINOR,A,2,5,삼척항회센터,-3,NAME_MISMATCH,,,,,활어회센터식당,,,
28,삼척,MINOR,A,3,0,추암촛대바위,5,S5_7,추암촛대바위,"여행 > 관광,명소 > 바위",강원특별자치도 동해시 추암동 산 69,http://place.map.kakao.com/10838734,,129.15986747491294,37.47922417209929,
28,삼척,MINOR,A,3,1,추암해변,7,S5_7,추암해변,"여행 > 관광,명소 > 해수욕장,해변",강원특별자치도 동해시 추암동 474-20,http://place.map.kakao.com/8100727,,129.159510802511,37.4778289847792,AT4
28,삼척,MINOR,A,3,2,삼척중앙시장,8,S8_10,삼척중앙시장,"가정,생활 > 시장",강원특별자치도 삼척시 진주로 12-21,http://place.map.kakao.com/26882910,,129.165194032101,37.4420947721598,
28,삼척,MINOR,A,3,3,카페 비치,-3,NAME_MISMATCH,,,,,클리어비치,,,
29,삼척,MINOR,B,1,0,삼척해상케이블카,8,S8_10,삼척해상케이블카 용화역,"여행 > 관광,명소 > 케이블카",강원특별자치도 삼척시 근덕면 삼척로 2154-31,http://place.map.kakao.com/1832162456,,129.3082554090972,37.28911646950862,
29,삼척,MINOR,B,1,1,삼척항회센터,-3,NAME_MISMATCH,,,,,활어회센터식당,,,
29,삼척,MINOR,B,1,2,이사부사자공원,8,S8_10,이사부사자공원,여행 > 공원 > 도시근린공원,강원특별자치도 삼척시 수로부인길 333,http://place.map.kakao.com/24051055,,129.15948399604,37.4751701891869,
29,삼척,MINOR,B,1,3,새천년해안도로,10,S8_10,새천년해안도로,"여행 > 관광,명소 > 드라이브코스",강원특별자치도 삼척시 정하동 산 3-15,http://place.map.kakao.com/7929345,,129.190931236538,37.4441137996795,AT4
29,삼척,MINOR,B,1,4,바다횟집,10,S8_10,바다횟집,"음식점 > 한식 > 해물,생선 > 회",강원특별자치도 삼척시 새천년도로 88,http://place.map.kakao.com/7879292,,129.191156102868,37.4392739111392,FD6
29,삼척,MINOR,B,2,0,환선굴,8,S8_10,환선굴,"여행 > 관광,명소 > 동굴",강원특별자치도 삼척시 신기면 대이리 산 117,http://place.map.kakao.com/10976699,,129.00825185709374,37.323688041427,
29,삼척,MINOR,B,2,1,동굴신비관 식당,-1,NO_RESULT,,,,,,,,
29,삼척,MINOR,B,2,2,장호항,8,S8_10,장호항,"교통,수송 > 교통시설 > 항구,포구",강원특별자치도 삼척시 근덕면 장호리 1-13,http://place.map.kakao.com/26952521,,129.31786815499595,37.28852224018127,
29,삼척,MINOR,B,2,3,수로부인헌화공원,8,S8_10,수로부인헌화공원,여행 > 공원,강원특별자치도 삼척시 원덕읍 임원리 산 323-4,http://place.map.kakao.com/23680795,,129.34981289203972,37.234680403993956,
29,삼척,MINOR,B,2,4,부일막국수,10,S8_10,부일막국수,음식점 > 한식 > 국수,강원특별자치도 삼척시 새천년도로 596,http://place.map.kakao.com/27385515,,129.163799479221,37.4670953286788,FD6
29,삼척,MINOR,B,3,0,추암 촛대바위,0,S0,추암촛대바위,"여행 > 관광,명소 > 바위",강원특별자치도 동해시 추암동 산 69,http://place.map.kakao.com/10838734,,129.15986747491294,37.47922417209929,
29,삼척,MINOR,B,3,1,추암해변,7,S5_7,추암해변,"여행 > 관광,명소 > 해수욕장,해변",강원특별자치도 동해시 추암동 474-20,http://place.map.kakao.com/8100727,,129.159510802511,37.4778289847792,AT4
29,삼척,MINOR,B,3,2,죽서루,8,S8_10,죽서루,"여행 > 관광,명소 > 문화유적",강원특별자치도 삼척시 죽서루길 37,http://place.map.kakao.com/10793255,,129.1605384437938,37.440889993161896,
29,삼척,MINOR,B,3,3,성원닭갈비,10,S8_10,성원닭갈비,"음식점 > 한식 > 육류,고기 > 닭요리",강원특별자치도 삼척시 정상안1길 14-32,http://place.map.kakao.com/21959659,,129.177972107797,37.4446633165271,FD6
29,삼척,MINOR,B,3,4,삼척중앙시장,8,S8_10,삼척중앙시장,"가정,생활 > 시장",강원특별자치도 삼척시 진주로 12-21,http://place.map.kakao.com/26882910,,129.165194032101,37.4420947721598,
