requestId,location,regionTier,keywordSet,day,placeCount,mealCount,beforeKm,afterKm,shortestKm,reductionPct,concessionKm,beforeKmPerLeg,afterKmPerLeg,beforeCrossings,afterCrossings,beforeBacktracks,afterBacktracks,beforeEndTime,afterEndTime
1,경주,FAMOUS,A,1,6,2,1.6061,1.2629,1.2629,21.37,0.0000,0.3212,0.2526,0,0,3,0,18:45,20:00
1,경주,FAMOUS,A,2,6,2,27.7136,27.9345,27.6080,-0.80,0.3265,5.5427,5.5869,1,1,2,1,20:15,20:15
1,경주,FAMOUS,A,3,6,2,5.7829,3.3760,3.1934,41.62,0.1826,1.1566,0.6752,2,0,4,1,18:45,18:45
2,경주,FAMOUS,B,1,6,2,9.9627,9.9519,7.5000,0.11,2.4519,1.9925,1.9904,0,0,2,3,18:45,18:45
2,경주,FAMOUS,B,2,6,2,9.7709,8.0122,8.0122,18.00,0.0000,1.9542,1.6024,1,0,2,1,18:45,18:45
2,경주,FAMOUS,B,3,6,2,20.2494,13.5756,10.6875,32.96,2.8881,4.0499,2.7151,0,0,2,1,18:45,18:45
3,경주,FAMOUS,C,1,6,2,3.5860,2.9109,2.5134,18.82,0.3975,0.7172,0.5822,0,0,3,3,19:55,18:45
3,경주,FAMOUS,C,2,6,2,9.6528,6.1106,5.3464,36.70,0.7642,1.9306,1.2221,1,0,2,2,18:45,18:45
3,경주,FAMOUS,C,3,6,2,14.9782,9.5415,7.2721,36.30,2.2694,2.9956,1.9083,2,1,3,2,18:45,20:00
4,부산,FAMOUS,A,1,6,2,4.0051,2.4287,2.4287,39.36,0.0000,0.8010,0.4857,0,0,2,1,18:45,18:45
4,부산,FAMOUS,A,2,6,2,4.2632,3.3811,3.1143,20.69,0.2668,0.8526,0.6762,0,0,2,2,18:45,18:45
4,부산,FAMOUS,A,3,6,2,3.4503,2.9130,2.1878,15.57,0.7252,0.6901,0.5826,0,1,2,2,18:45,18:45
5,부산,FAMOUS,B,1,6,2,14.8662,10.8548,7.6841,26.98,3.1707,2.9732,2.1710,0,1,3,3,18:45,18:45
5,부산,FAMOUS,B,2,6,2,6.6351,5.4461,3.3077,17.92,2.1384,1.3270,1.0892,3,0,3,2,18:45,18:45
5,부산,FAMOUS,B,3,6,2,7.9590,4.4743,4.4743,43.78,0.0000,1.5918,0.8949,3,0,4,1,18:45,18:45
6,부산,FAMOUS,C,1,6,2,3.8732,2.9012,2.6028,25.10,0.2983,0.7746,0.5802,0,1,3,2,19:15,20:00
6,부산,FAMOUS,C,2,6,2,6.3222,2.2666,2.2666,64.15,0.0000,1.2644,0.4533,1,0,4,0,18:45,18:45
6,부산,FAMOUS,C,3,6,2,2.1848,1.4746,1.4061,32.51,0.0685,0.4370,0.2949,1,0,3,2,18:45,20:00
7,제주,FAMOUS,A,1,5,1,1.8586,1.0466,1.0466,43.69,0.0000,0.4647,0.2617,0,0,2,0,16:40,16:50
7,제주,FAMOUS,A,2,6,2,5.9798,4.0785,3.1983,31.80,0.8802,1.1960,0.8157,3,0,4,2,18:45,18:45
7,제주,FAMOUS,A,3,6,2,3.1881,2.4350,1.4961,23.62,0.9389,0.6376,0.4870,4,0,2,2,18:45,18:45
8,제주,FAMOUS,B,1,6,2,9.5297,6.4221,6.0700,32.61,0.3521,1.9059,1.2844,0,0,2,1,18:45,18:45
8,제주,FAMOUS,B,2,6,2,7.7937,5.8807,5.3070,24.55,0.5737,1.5587,1.1761,2,0,4,1,18:45,18:45
8,제주,FAMOUS,B,3,6,2,12.3837,7.9914,6.9830,35.47,1.0084,2.4767,1.5983,2,1,4,2,18:45,18:45
9,제주,FAMOUS,C,1,5,1,3.3666,2.5047,2.5047,25.60,0.0000,0.8416,0.6262,0,0,2,1,17:45,18:45
9,제주,FAMOUS,C,2,6,2,3.0593,2.0639,2.0639,32.54,0.0000,0.6119,0.4128,1,0,3,1,18:45,18:45
9,제주,FAMOUS,C,3,6,2,10.9721,10.2954,10.2954,6.17,0.0000,2.1944,2.0591,0,0,2,1,18:45,18:45
10,서울,FAMOUS,A,1,6,2,5.1402,3.0689,2.6734,40.30,0.3955,1.0280,0.6138,2,0,3,4,18:45,18:45
10,서울,FAMOUS,A,2,6,2,3.4399,1.2763,1.2763,62.90,0.0000,0.6880,0.2553,1,0,4,0,18:45,20:00
10,서울,FAMOUS,A,3,6,2,2.9629,2.2641,1.7861,23.59,0.4780,0.5926,0.4528,2,0,2,1,18:45,18:45
11,서울,FAMOUS,B,1,6,2,3.3001,3.1092,2.7632,5.78,0.3461,0.6600,0.6218,0,0,3,2,18:45,18:45
11,서울,FAMOUS,B,2,6,2,6.3628,3.9992,3.9992,37.15,0.0000,1.2726,0.7998,2,0,2,1,18:45,18:45
11,서울,FAMOUS,B,3,6,2,7.6877,4.0183,3.0770,47.73,0.9413,1.5375,0.8037,1,0,3,2,18:45,18:45
12,서울,FAMOUS,C,1,7,2,5.7102,4.4129,3.8658,22.72,0.5471,0.9517,0.7355,0,0,4,1,20:05,19:55
12,서울,FAMOUS,C,2,7,2,4.7942,2.3988,2.3156,49.96,0.0832,0.7990,0.3998,4,0,4,1,20:30,21:40
12,서울,FAMOUS,C,3,7,2,6.6934,4.1593,2.7579,37.86,1.4014,1.1156,0.6932,1,1,5,2,19:25,20:00
13,강릉,FAMOUS,A,1,6,2,17.0154,11.8139,9.0463,30.57,2.7676,3.4031,2.3628,0,0,4,2,18:45,18:45
13,강릉,FAMOUS,A,2,6,2,13.9240,7.3867,5.9946,46.95,1.3922,2.7848,1.4773,3,1,4,2,19:35,18:45
13,강릉,FAMOUS,A,3,5,1,2.8267,1.5971,1.5971,43.50,0.0000,0.7067,0.3993,1,0,2,1,16:45,16:55
14,강릉,FAMOUS,B,1,6,2,9.7770,5.9845,4.6800,38.79,1.3044,1.9554,1.1969,3,0,3,2,18:45,18:45
14,강릉,FAMOUS,B,2,5,2,4.3816,4.1906,3.6808,4.36,0.5099,1.0954,1.0477,0,0,2,2,18:00,18:45
14,강릉,FAMOUS,B,3,6,2,28.6949,20.5561,17.6094,28.36,2.9467,5.7390,4.1112,0,0,2,2,18:15,18:45
15,강릉,FAMOUS,C,1,6,2,3.7588,2.3123,2.3123,38.48,0.0000,0.7518,0.4625,1,0,2,1,19:15,19:05
15,강릉,FAMOUS,C,2,6,2,11.0613,6.1343,5.6104,44.54,0.5239,2.2123,1.2269,0,0,2,1,18:45,18:45
15,강릉,FAMOUS,C,3,6,2,10.7226,7.0658,5.5279,34.10,1.5379,2.1445,1.4132,1,0,3,3,18:45,18:45
16,순천,MINOR,A,1,6,2,13.5064,11.5949,6.4850,14.15,5.1099,2.7013,2.3190,0,0,3,2,19:05,18:55
16,순천,MINOR,A,2,6,2,19.0957,14.9883,11.2376,21.51,3.7507,3.8191,2.9977,0,0,2,1,18:45,18:45
16,순천,MINOR,A,3,6,1,3.4779,2.4406,2.4114,29.83,0.0291,0.6956,0.4881,1,0,3,1,17:45,17:45
17,순천,MINOR,B,1,6,2,12.1618,8.5775,6.6280,29.47,1.9495,2.4324,1.7155,1,2,3,3,18:45,18:45
17,순천,MINOR,B,2,6,2,5.8491,3.8406,3.0171,34.34,0.8235,1.1698,0.7681,1,0,3,3,18:45,18:45
17,순천,MINOR,B,3,5,1,2.7265,2.6246,2.3066,3.74,0.3180,0.6816,0.6561,0,0,1,0,16:00,16:00
18,순천,MINOR,C,1,6,2,6.3167,4.8854,4.5030,22.66,0.3824,1.2633,0.9771,1,0,4,2,19:00,18:50
18,순천,MINOR,C,2,6,2,17.1670,11.4641,9.2619,33.22,2.2022,3.4334,2.2928,0,0,3,3,19:20,18:50
18,순천,MINOR,C,3,5,1,13.2795,6.8142,6.7519,48.69,0.0623,3.3199,1.7035,1,1,2,2,17:05,16:35
19,영주,MINOR,A,1,5,1,7.4391,5.7458,5.7458,22.76,0.0000,1.8598,1.4364,3,0,3,1,17:05,17:00
19,영주,MINOR,A,2,5,1,13.4827,8.3069,8.3069,38.39,0.0000,3.3707,2.0767,1,0,2,0,17:20,16:55
19,영주,MINOR,A,3,5,1,9.3310,5.4542,5.4542,41.55,0.0000,2.3328,1.3635,1,0,3,1,15:30,15:15
20,영주,MINOR,B,1,5,1,7.6465,4.2183,4.2183,44.83,0.0000,1.9116,1.0546,0,0,2,0,16:55,16:50
20,영주,MINOR,B,2,5,1,18.1677,5.6588,5.6588,68.85,0.0000,4.5419,1.4147,3,0,3,0,15:40,15:05
20,영주,MINOR,B,3,5,1,9.6216,5.2217,5.1618,45.73,0.0599,2.4054,1.3054,1,0,1,1,16:45,16:35
21,영주,MINOR,C,1,5,1,6.3988,5.9153,5.9153,7.56,0.0000,1.5997,1.4788,0,0,1,0,17:30,17:30
21,영주,MINOR,C,2,6,2,28.1966,15.0189,14.6226,46.73,0.3964,5.6393,3.0038,1,1,3,2,21:15,21:20
21,영주,MINOR,C,3,5,1,18.1677,5.6588,5.6588,68.85,0.0000,4.5419,1.4147,3,0,3,0,16:15,15:15
22,공주,MINOR,A,1,6,2,3.6620,1.9524,1.6877,46.69,0.2647,0.7324,0.3905,3,0,3,1,18:45,20:00
22,공주,MINOR,A,2,6,2,18.1191,16.1468,13.5940,10.89,2.5528,3.6238,3.2294,1,0,3,2,18:55,18:45
22,공주,MINOR,A,3,5,1,4.5439,3.0895,2.5226,32.01,0.5669,1.1360,0.7724,0,0,3,1,16:05,16:00
23,공주,MINOR,B,1,6,2,5.6582,4.6324,3.7278,18.13,0.9045,1.1316,0.9265,0,0,2,4,18:45,18:45
23,공주,MINOR,B,2,5,1,2.5646,2.3873,2.3873,6.91,0.0000,0.6412,0.5968,0,0,1,1,16:00,16:00
23,공주,MINOR,B,3,6,2,24.0390,16.2357,13.6970,32.46,2.5387,4.8078,3.2471,0,0,3,3,18:45,18:45
24,공주,MINOR,C,1,6,2,2.6759,1.9804,1.7439,25.99,0.2364,0.5352,0.3961,1,0,1,2,18:45,18:45
24,공주,MINOR,C,2,5,1,2.1846,2.1958,1.5114,-0.52,0.6844,0.5461,0.5490,2,0,3,1,16:40,16:40
24,공주,MINOR,C,3,6,2,7.2250,4.3510,3.5382,39.78,0.8128,1.4450,0.8702,1,0,3,1,18:45,18:45
25,통영,MINOR,A,1,6,2,1.4218,0.6468,0.6468,54.51,0.0000,0.2844,0.1294,2,0,3,1,18:45,18:45
25,통영,MINOR,A,2,6,2,6.7255,5.0624,4.3243,24.73,0.7380,1.3451,1.0125,1,0,4,1,18:45,18:45
25,통영,MINOR,A,3,6,2,7.5565,4.7972,3.9434,36.52,0.8538,1.5113,0.9594,3,1,3,3,19:15,20:05
26,통영,MINOR,B,1,6,2,4.5058,2.7455,2.5763,39.07,0.1692,0.9012,0.5491,1,0,3,2,18:45,18:45
26,통영,MINOR,B,2,5,1,25.5186,17.4874,16.3428,31.47,1.1446,6.3796,4.3719,2,0,2,1,15:55,15:35
26,통영,MINOR,B,3,4,0,7.2373,4.8256,4.8256,33.32,0.0000,2.4124,1.6085,1,0,2,0,14:20,14:15
27,통영,MINOR,C,1,6,2,2.2879,0.9500,0.9500,58.48,0.0000,0.4576,0.1900,5,0,4,1,18:45,20:00
27,통영,MINOR,C,2,6,2,8.3276,7.5873,6.9536,8.89,0.6337,1.6655,1.5175,0,0,2,2,18:45,18:45
27,통영,MINOR,C,3,5,1,5.4995,4.3714,4.3714,20.51,0.0000,1.3749,1.0929,0,0,2,1,18:45,17:15
28,삼척,MINOR,A,1,6,2,8.2786,4.7123,4.1827,43.08,0.5296,1.6557,0.9425,0,0,2,4,18:45,19:55
28,삼척,MINOR,A,2,6,2,6.3615,4.1309,3.8157,35.06,0.3152,1.2723,0.8262,0,0,1,2,18:45,18:45
28,삼척,MINOR,A,3,6,2,9.1581,5.2126,4.7664,43.08,0.4462,1.8316,1.0425,0,0,2,1,18:40,18:45
29,삼척,MINOR,B,1,6,2,6.9346,5.7875,4.6407,16.54,1.1468,1.3869,1.1575,0,1,1,2,18:45,19:45
29,삼척,MINOR,B,2,7,2,8.3864,4.7027,4.5234,43.93,0.1792,1.3977,0.7838,1,0,4,4,18:45,20:45
29,삼척,MINOR,B,3,6,2,97.1379,64.0071,50.5070,34.11,13.5001,19.4276,12.8014,0,0,3,2,20:40,20:30
30,삼척,MINOR,C,1,6,2,6.6843,3.8875,2.7955,41.84,1.0920,1.3369,0.7775,1,0,3,3,19:15,19:55
30,삼척,MINOR,C,2,6,2,6.4855,4.2453,3.7699,34.54,0.4754,1.2971,0.8491,0,0,2,3,18:45,18:45
30,삼척,MINOR,C,3,6,2,7.8516,4.8940,4.8940,37.67,0.0000,1.5703,0.9788,1,0,1,1,18:45,19:50
