requestId,location,regionTier,keywordSet,day,placeCount,mealCount,lambda,beforeKm,afterKm,shortestKm,mealViolationMinutes,crossings,backtracks
1,경주,FAMOUS,A,1,6,2,0.00,1.6061,1.2629,1.2629,0,0,0
1,경주,FAMOUS,A,1,6,2,0.25,1.6061,1.2629,1.2629,0,0,0
1,경주,FAMOUS,A,1,6,2,0.50,1.6061,1.2629,1.2629,0,0,0
1,경주,FAMOUS,A,1,6,2,1.00,1.6061,1.2629,1.2629,0,0,0
1,경주,FAMOUS,A,1,6,2,1.25,1.6061,1.2629,1.2629,0,0,0
1,경주,FAMOUS,A,1,6,2,1.50,1.6061,1.2629,1.2629,0,0,0
1,경주,FAMOUS,A,1,6,2,1.75,1.6061,1.2629,1.2629,0,0,0
1,경주,FAMOUS,A,1,6,2,2.00,1.6061,1.2629,1.2629,0,0,0
1,경주,FAMOUS,A,1,6,2,3.00,1.6061,1.2629,1.2629,0,0,0
1,경주,FAMOUS,A,1,6,2,4.00,1.6061,1.2629,1.2629,0,0,0
1,경주,FAMOUS,A,1,6,2,8.00,1.6061,1.2629,1.2629,0,0,0
1,경주,FAMOUS,A,1,6,2,16.00,1.6061,1.2629,1.2629,0,0,0
1,경주,FAMOUS,A,2,6,2,0.00,27.7136,27.6080,27.6080,235,0,1
1,경주,FAMOUS,A,2,6,2,0.25,27.7136,27.9345,27.6080,0,1,1
1,경주,FAMOUS,A,2,6,2,0.50,27.7136,27.9345,27.6080,0,1,1
1,경주,FAMOUS,A,2,6,2,1.00,27.7136,27.9345,27.6080,0,1,1
1,경주,FAMOUS,A,2,6,2,1.25,27.7136,27.9345,27.6080,0,1,1
1,경주,FAMOUS,A,2,6,2,1.50,27.7136,27.9345,27.6080,0,1,1
1,경주,FAMOUS,A,2,6,2,1.75,27.7136,27.9345,27.6080,0,1,1
1,경주,FAMOUS,A,2,6,2,2.00,27.7136,27.9345,27.6080,0,1,1
1,경주,FAMOUS,A,2,6,2,3.00,27.7136,27.9345,27.6080,0,1,1
1,경주,FAMOUS,A,2,6,2,4.00,27.7136,27.9345,27.6080,0,1,1
1,경주,FAMOUS,A,2,6,2,8.00,27.7136,27.9345,27.6080,0,1,1
1,경주,FAMOUS,A,2,6,2,16.00,27.7136,27.9345,27.6080,0,1,1
1,경주,FAMOUS,A,3,6,2,0.00,5.7829,3.1934,3.1934,153,0,1
1,경주,FAMOUS,A,3,6,2,0.25,5.7829,3.3760,3.1934,0,0,1
1,경주,FAMOUS,A,3,6,2,0.50,5.7829,3.3760,3.1934,0,0,1
1,경주,FAMOUS,A,3,6,2,1.00,5.7829,3.3760,3.1934,0,0,1
1,경주,FAMOUS,A,3,6,2,1.25,5.7829,3.3760,3.1934,0,0,1
1,경주,FAMOUS,A,3,6,2,1.50,5.7829,3.3760,3.1934,0,0,1
1,경주,FAMOUS,A,3,6,2,1.75,5.7829,3.3760,3.1934,0,0,1
1,경주,FAMOUS,A,3,6,2,2.00,5.7829,3.3760,3.1934,0,0,1
1,경주,FAMOUS,A,3,6,2,3.00,5.7829,3.3760,3.1934,0,0,1
1,경주,FAMOUS,A,3,6,2,4.00,5.7829,3.3760,3.1934,0,0,1
1,경주,FAMOUS,A,3,6,2,8.00,5.7829,3.3760,3.1934,0,0,1
1,경주,FAMOUS,A,3,6,2,16.00,5.7829,3.3760,3.1934,0,0,1
2,경주,FAMOUS,B,1,6,2,0.00,9.9627,7.5000,7.5000,139,0,2
2,경주,FAMOUS,B,1,6,2,0.25,9.9627,8.0558,7.5000,24,0,2
2,경주,FAMOUS,B,1,6,2,0.50,9.9627,9.9519,7.5000,0,0,3
2,경주,FAMOUS,B,1,6,2,1.00,9.9627,9.9519,7.5000,0,0,3
2,경주,FAMOUS,B,1,6,2,1.25,9.9627,9.9519,7.5000,0,0,3
2,경주,FAMOUS,B,1,6,2,1.50,9.9627,9.9519,7.5000,0,0,3
2,경주,FAMOUS,B,1,6,2,1.75,9.9627,9.9519,7.5000,0,0,3
2,경주,FAMOUS,B,1,6,2,2.00,9.9627,9.9519,7.5000,0,0,3
2,경주,FAMOUS,B,1,6,2,3.00,9.9627,9.9519,7.5000,0,0,3
2,경주,FAMOUS,B,1,6,2,4.00,9.9627,9.9519,7.5000,0,0,3
2,경주,FAMOUS,B,1,6,2,8.00,9.9627,9.9519,7.5000,0,0,3
2,경주,FAMOUS,B,1,6,2,16.00,9.9627,9.9519,7.5000,0,0,3
2,경주,FAMOUS,B,2,6,2,0.00,9.7709,8.0122,8.0122,0,0,1
2,경주,FAMOUS,B,2,6,2,0.25,9.7709,8.0122,8.0122,0,0,1
2,경주,FAMOUS,B,2,6,2,0.50,9.7709,8.0122,8.0122,0,0,1
2,경주,FAMOUS,B,2,6,2,1.00,9.7709,8.0122,8.0122,0,0,1
2,경주,FAMOUS,B,2,6,2,1.25,9.7709,8.0122,8.0122,0,0,1
2,경주,FAMOUS,B,2,6,2,1.50,9.7709,8.0122,8.0122,0,0,1
2,경주,FAMOUS,B,2,6,2,1.75,9.7709,8.0122,8.0122,0,0,1
2,경주,FAMOUS,B,2,6,2,2.00,9.7709,8.0122,8.0122,0,0,1
2,경주,FAMOUS,B,2,6,2,3.00,9.7709,8.0122,8.0122,0,0,1
2,경주,FAMOUS,B,2,6,2,4.00,9.7709,8.0122,8.0122,0,0,1
2,경주,FAMOUS,B,2,6,2,8.00,9.7709,8.0122,8.0122,0,0,1
2,경주,FAMOUS,B,2,6,2,16.00,9.7709,8.0122,8.0122,0,0,1
2,경주,FAMOUS,B,3,6,2,0.00,20.2494,10.6875,10.6875,7,0,0
2,경주,FAMOUS,B,3,6,2,0.25,20.2494,10.6875,10.6875,7,0,0
2,경주,FAMOUS,B,3,6,2,0.50,20.2494,10.6875,10.6875,7,0,0
2,경주,FAMOUS,B,3,6,2,1.00,20.2494,10.6875,10.6875,7,0,0
2,경주,FAMOUS,B,3,6,2,1.25,20.2494,10.6875,10.6875,7,0,0
2,경주,FAMOUS,B,3,6,2,1.50,20.2494,10.6875,10.6875,7,0,0
2,경주,FAMOUS,B,3,6,2,1.75,20.2494,12.6629,10.6875,2,0,2
2,경주,FAMOUS,B,3,6,2,2.00,20.2494,13.5756,10.6875,0,0,1
2,경주,FAMOUS,B,3,6,2,3.00,20.2494,13.5756,10.6875,0,0,1
2,경주,FAMOUS,B,3,6,2,4.00,20.2494,13.5756,10.6875,0,0,1
2,경주,FAMOUS,B,3,6,2,8.00,20.2494,13.5756,10.6875,0,0,1
2,경주,FAMOUS,B,3,6,2,16.00,20.2494,13.5756,10.6875,0,0,1
3,경주,FAMOUS,C,1,6,2,0.00,3.5860,2.5134,2.5134,170,0,2
3,경주,FAMOUS,C,1,6,2,0.25,3.5860,2.9109,2.5134,0,0,3
3,경주,FAMOUS,C,1,6,2,0.50,3.5860,2.9109,2.5134,0,0,3
3,경주,FAMOUS,C,1,6,2,1.00,3.5860,2.9109,2.5134,0,0,3
3,경주,FAMOUS,C,1,6,2,1.25,3.5860,2.9109,2.5134,0,0,3
3,경주,FAMOUS,C,1,6,2,1.50,3.5860,2.9109,2.5134,0,0,3
3,경주,FAMOUS,C,1,6,2,1.75,3.5860,2.9109,2.5134,0,0,3
3,경주,FAMOUS,C,1,6,2,2.00,3.5860,2.9109,2.5134,0,0,3
3,경주,FAMOUS,C,1,6,2,3.00,3.5860,2.9109,2.5134,0,0,3
3,경주,FAMOUS,C,1,6,2,4.00,3.5860,2.9109,2.5134,0,0,3
3,경주,FAMOUS,C,1,6,2,8.00,3.5860,2.9109,2.5134,0,0,3
3,경주,FAMOUS,C,1,6,2,16.00,3.5860,2.9109,2.5134,0,0,3
3,경주,FAMOUS,C,2,6,2,0.00,9.6528,5.3464,5.3464,105,0,1
3,경주,FAMOUS,C,2,6,2,0.25,9.6528,5.3571,5.3464,4,0,1
3,경주,FAMOUS,C,2,6,2,0.50,9.6528,5.3571,5.3464,4,0,1
3,경주,FAMOUS,C,2,6,2,1.00,9.6528,6.1106,5.3464,0,0,2
3,경주,FAMOUS,C,2,6,2,1.25,9.6528,6.1106,5.3464,0,0,2
3,경주,FAMOUS,C,2,6,2,1.50,9.6528,6.1106,5.3464,0,0,2
3,경주,FAMOUS,C,2,6,2,1.75,9.6528,6.1106,5.3464,0,0,2
3,경주,FAMOUS,C,2,6,2,2.00,9.6528,6.1106,5.3464,0,0,2
3,경주,FAMOUS,C,2,6,2,3.00,9.6528,6.1106,5.3464,0,0,2
3,경주,FAMOUS,C,2,6,2,4.00,9.6528,6.1106,5.3464,0,0,2
3,경주,FAMOUS,C,2,6,2,8.00,9.6528,6.1106,5.3464,0,0,2
3,경주,FAMOUS,C,2,6,2,16.00,9.6528,6.1106,5.3464,0,0,2
3,경주,FAMOUS,C,3,6,2,0.00,14.9782,7.2721,7.2721,471,0,0
3,경주,FAMOUS,C,3,6,2,0.25,14.9782,9.5415,7.2721,0,1,2
3,경주,FAMOUS,C,3,6,2,0.50,14.9782,9.5415,7.2721,0,1,2
3,경주,FAMOUS,C,3,6,2,1.00,14.9782,9.5415,7.2721,0,1,2
3,경주,FAMOUS,C,3,6,2,1.25,14.9782,9.5415,7.2721,0,1,2
3,경주,FAMOUS,C,3,6,2,1.50,14.9782,9.5415,7.2721,0,1,2
3,경주,FAMOUS,C,3,6,2,1.75,14.9782,9.5415,7.2721,0,1,2
3,경주,FAMOUS,C,3,6,2,2.00,14.9782,9.5415,7.2721,0,1,2
3,경주,FAMOUS,C,3,6,2,3.00,14.9782,9.5415,7.2721,0,1,2
3,경주,FAMOUS,C,3,6,2,4.00,14.9782,9.5415,7.2721,0,1,2
3,경주,FAMOUS,C,3,6,2,8.00,14.9782,9.5415,7.2721,0,1,2
3,경주,FAMOUS,C,3,6,2,16.00,14.9782,9.5415,7.2721,0,1,2
4,부산,FAMOUS,A,1,6,2,0.00,4.0051,2.4287,2.4287,0,0,1
4,부산,FAMOUS,A,1,6,2,0.25,4.0051,2.4287,2.4287,0,0,1
4,부산,FAMOUS,A,1,6,2,0.50,4.0051,2.4287,2.4287,0,0,1
4,부산,FAMOUS,A,1,6,2,1.00,4.0051,2.4287,2.4287,0,0,1
4,부산,FAMOUS,A,1,6,2,1.25,4.0051,2.4287,2.4287,0,0,1
4,부산,FAMOUS,A,1,6,2,1.50,4.0051,2.4287,2.4287,0,0,1
4,부산,FAMOUS,A,1,6,2,1.75,4.0051,2.4287,2.4287,0,0,1
4,부산,FAMOUS,A,1,6,2,2.00,4.0051,2.4287,2.4287,0,0,1
4,부산,FAMOUS,A,1,6,2,3.00,4.0051,2.4287,2.4287,0,0,1
4,부산,FAMOUS,A,1,6,2,4.00,4.0051,2.4287,2.4287,0,0,1
4,부산,FAMOUS,A,1,6,2,8.00,4.0051,2.4287,2.4287,0,0,1
4,부산,FAMOUS,A,1,6,2,16.00,4.0051,2.4287,2.4287,0,0,1
4,부산,FAMOUS,A,2,6,2,0.00,4.2632,3.1143,3.1143,187,0,2
4,부산,FAMOUS,A,2,6,2,0.25,4.2632,3.3811,3.1143,0,0,2
4,부산,FAMOUS,A,2,6,2,0.50,4.2632,3.3811,3.1143,0,0,2
4,부산,FAMOUS,A,2,6,2,1.00,4.2632,3.3811,3.1143,0,0,2
4,부산,FAMOUS,A,2,6,2,1.25,4.2632,3.3811,3.1143,0,0,2
4,부산,FAMOUS,A,2,6,2,1.50,4.2632,3.3811,3.1143,0,0,2
4,부산,FAMOUS,A,2,6,2,1.75,4.2632,3.3811,3.1143,0,0,2
4,부산,FAMOUS,A,2,6,2,2.00,4.2632,3.3811,3.1143,0,0,2
4,부산,FAMOUS,A,2,6,2,3.00,4.2632,3.3811,3.1143,0,0,2
4,부산,FAMOUS,A,2,6,2,4.00,4.2632,3.3811,3.1143,0,0,2
4,부산,FAMOUS,A,2,6,2,8.00,4.2632,3.3811,3.1143,0,0,2
4,부산,FAMOUS,A,2,6,2,16.00,4.2632,3.3811,3.1143,0,0,2
4,부산,FAMOUS,A,3,6,2,0.00,3.4503,2.1878,2.1878,134,0,0
4,부산,FAMOUS,A,3,6,2,0.25,3.4503,2.9130,2.1878,0,1,2
4,부산,FAMOUS,A,3,6,2,0.50,3.4503,2.9130,2.1878,0,1,2
4,부산,FAMOUS,A,3,6,2,1.00,3.4503,2.9130,2.1878,0,1,2
4,부산,FAMOUS,A,3,6,2,1.25,3.4503,2.9130,2.1878,0,1,2
4,부산,FAMOUS,A,3,6,2,1.50,3.4503,2.9130,2.1878,0,1,2
4,부산,FAMOUS,A,3,6,2,1.75,3.4503,2.9130,2.1878,0,1,2
4,부산,FAMOUS,A,3,6,2,2.00,3.4503,2.9130,2.1878,0,1,2
4,부산,FAMOUS,A,3,6,2,3.00,3.4503,2.9130,2.1878,0,1,2
4,부산,FAMOUS,A,3,6,2,4.00,3.4503,2.9130,2.1878,0,1,2
4,부산,FAMOUS,A,3,6,2,8.00,3.4503,2.9130,2.1878,0,1,2
4,부산,FAMOUS,A,3,6,2,16.00,3.4503,2.9130,2.1878,0,1,2
5,부산,FAMOUS,B,1,6,2,0.00,14.8662,7.6841,7.6841,143,0,0
5,부산,FAMOUS,B,1,6,2,0.25,14.8662,8.3928,7.6841,31,1,2
5,부산,FAMOUS,B,1,6,2,0.50,14.8662,10.8548,7.6841,0,1,3
5,부산,FAMOUS,B,1,6,2,1.00,14.8662,10.8548,7.6841,0,1,3
5,부산,FAMOUS,B,1,6,2,1.25,14.8662,10.8548,7.6841,0,1,3
5,부산,FAMOUS,B,1,6,2,1.50,14.8662,10.8548,7.6841,0,1,3
5,부산,FAMOUS,B,1,6,2,1.75,14.8662,10.8548,7.6841,0,1,3
5,부산,FAMOUS,B,1,6,2,2.00,14.8662,10.8548,7.6841,0,1,3
5,부산,FAMOUS,B,1,6,2,3.00,14.8662,10.8548,7.6841,0,1,3
5,부산,FAMOUS,B,1,6,2,4.00,14.8662,10.8548,7.6841,0,1,3
5,부산,FAMOUS,B,1,6,2,8.00,14.8662,10.8548,7.6841,0,1,3
5,부산,FAMOUS,B,1,6,2,16.00,14.8662,10.8548,7.6841,0,1,3
5,부산,FAMOUS,B,2,6,2,0.00,6.6351,3.3077,3.3077,45,0,1
5,부산,FAMOUS,B,2,6,2,0.25,6.6351,5.4461,3.3077,0,0,2
5,부산,FAMOUS,B,2,6,2,0.50,6.6351,5.4461,3.3077,0,0,2
5,부산,FAMOUS,B,2,6,2,1.00,6.6351,5.4461,3.3077,0,0,2
5,부산,FAMOUS,B,2,6,2,1.25,6.6351,5.4461,3.3077,0,0,2
5,부산,FAMOUS,B,2,6,2,1.50,6.6351,5.4461,3.3077,0,0,2
5,부산,FAMOUS,B,2,6,2,1.75,6.6351,5.4461,3.3077,0,0,2
5,부산,FAMOUS,B,2,6,2,2.00,6.6351,5.4461,3.3077,0,0,2
5,부산,FAMOUS,B,2,6,2,3.00,6.6351,5.4461,3.3077,0,0,2
5,부산,FAMOUS,B,2,6,2,4.00,6.6351,5.4461,3.3077,0,0,2
5,부산,FAMOUS,B,2,6,2,8.00,6.6351,5.4461,3.3077,0,0,2
5,부산,FAMOUS,B,2,6,2,16.00,6.6351,5.4461,3.3077,0,0,2
5,부산,FAMOUS,B,3,6,2,0.00,7.9590,4.4743,4.4743,0,0,1
5,부산,FAMOUS,B,3,6,2,0.25,7.9590,4.4743,4.4743,0,0,1
5,부산,FAMOUS,B,3,6,2,0.50,7.9590,4.4743,4.4743,0,0,1
5,부산,FAMOUS,B,3,6,2,1.00,7.9590,4.4743,4.4743,0,0,1
5,부산,FAMOUS,B,3,6,2,1.25,7.9590,4.4743,4.4743,0,0,1
5,부산,FAMOUS,B,3,6,2,1.50,7.9590,4.4743,4.4743,0,0,1
5,부산,FAMOUS,B,3,6,2,1.75,7.9590,4.4743,4.4743,0,0,1
5,부산,FAMOUS,B,3,6,2,2.00,7.9590,4.4743,4.4743,0,0,1
5,부산,FAMOUS,B,3,6,2,3.00,7.9590,4.4743,4.4743,0,0,1
5,부산,FAMOUS,B,3,6,2,4.00,7.9590,4.4743,4.4743,0,0,1
5,부산,FAMOUS,B,3,6,2,8.00,7.9590,4.4743,4.4743,0,0,1
5,부산,FAMOUS,B,3,6,2,16.00,7.9590,4.4743,4.4743,0,0,1
6,부산,FAMOUS,C,1,6,2,0.00,3.8732,2.6028,2.6028,136,0,1
6,부산,FAMOUS,C,1,6,2,0.25,3.8732,2.9012,2.6028,0,1,2
6,부산,FAMOUS,C,1,6,2,0.50,3.8732,2.9012,2.6028,0,1,2
6,부산,FAMOUS,C,1,6,2,1.00,3.8732,2.9012,2.6028,0,1,2
6,부산,FAMOUS,C,1,6,2,1.25,3.8732,2.9012,2.6028,0,1,2
6,부산,FAMOUS,C,1,6,2,1.50,3.8732,2.9012,2.6028,0,1,2
6,부산,FAMOUS,C,1,6,2,1.75,3.8732,2.9012,2.6028,0,1,2
6,부산,FAMOUS,C,1,6,2,2.00,3.8732,2.9012,2.6028,0,1,2
6,부산,FAMOUS,C,1,6,2,3.00,3.8732,2.9012,2.6028,0,1,2
6,부산,FAMOUS,C,1,6,2,4.00,3.8732,2.9012,2.6028,0,1,2
6,부산,FAMOUS,C,1,6,2,8.00,3.8732,2.9012,2.6028,0,1,2
6,부산,FAMOUS,C,1,6,2,16.00,3.8732,2.9012,2.6028,0,1,2
6,부산,FAMOUS,C,2,6,2,0.00,6.3222,2.2666,2.2666,0,0,0
6,부산,FAMOUS,C,2,6,2,0.25,6.3222,2.2666,2.2666,0,0,0
6,부산,FAMOUS,C,2,6,2,0.50,6.3222,2.2666,2.2666,0,0,0
6,부산,FAMOUS,C,2,6,2,1.00,6.3222,2.2666,2.2666,0,0,0
6,부산,FAMOUS,C,2,6,2,1.25,6.3222,2.2666,2.2666,0,0,0
6,부산,FAMOUS,C,2,6,2,1.50,6.3222,2.2666,2.2666,0,0,0
6,부산,FAMOUS,C,2,6,2,1.75,6.3222,2.2666,2.2666,0,0,0
6,부산,FAMOUS,C,2,6,2,2.00,6.3222,2.2666,2.2666,0,0,0
6,부산,FAMOUS,C,2,6,2,3.00,6.3222,2.2666,2.2666,0,0,0
6,부산,FAMOUS,C,2,6,2,4.00,6.3222,2.2666,2.2666,0,0,0
6,부산,FAMOUS,C,2,6,2,8.00,6.3222,2.2666,2.2666,0,0,0
6,부산,FAMOUS,C,2,6,2,16.00,6.3222,2.2666,2.2666,0,0,0
6,부산,FAMOUS,C,3,6,2,0.00,2.1848,1.4061,1.4061,5,0,2
6,부산,FAMOUS,C,3,6,2,0.25,2.1848,1.4746,1.4061,0,0,2
6,부산,FAMOUS,C,3,6,2,0.50,2.1848,1.4746,1.4061,0,0,2
6,부산,FAMOUS,C,3,6,2,1.00,2.1848,1.4746,1.4061,0,0,2
6,부산,FAMOUS,C,3,6,2,1.25,2.1848,1.4746,1.4061,0,0,2
6,부산,FAMOUS,C,3,6,2,1.50,2.1848,1.4746,1.4061,0,0,2
6,부산,FAMOUS,C,3,6,2,1.75,2.1848,1.4746,1.4061,0,0,2
6,부산,FAMOUS,C,3,6,2,2.00,2.1848,1.4746,1.4061,0,0,2
6,부산,FAMOUS,C,3,6,2,3.00,2.1848,1.4746,1.4061,0,0,2
6,부산,FAMOUS,C,3,6,2,4.00,2.1848,1.4746,1.4061,0,0,2
6,부산,FAMOUS,C,3,6,2,8.00,2.1848,1.4746,1.4061,0,0,2
6,부산,FAMOUS,C,3,6,2,16.00,2.1848,1.4746,1.4061,0,0,2
7,제주,FAMOUS,A,1,5,1,0.00,1.8586,1.0466,1.0466,34,0,0
7,제주,FAMOUS,A,1,5,1,0.25,1.8586,1.0466,1.0466,0,0,0
7,제주,FAMOUS,A,1,5,1,0.50,1.8586,1.0466,1.0466,0,0,0
7,제주,FAMOUS,A,1,5,1,1.00,1.8586,1.0466,1.0466,0,0,0
7,제주,FAMOUS,A,1,5,1,1.25,1.8586,1.0466,1.0466,0,0,0
7,제주,FAMOUS,A,1,5,1,1.50,1.8586,1.0466,1.0466,0,0,0
7,제주,FAMOUS,A,1,5,1,1.75,1.8586,1.0466,1.0466,0,0,0
7,제주,FAMOUS,A,1,5,1,2.00,1.8586,1.0466,1.0466,0,0,0
7,제주,FAMOUS,A,1,5,1,3.00,1.8586,1.0466,1.0466,0,0,0
7,제주,FAMOUS,A,1,5,1,4.00,1.8586,1.0466,1.0466,0,0,0
7,제주,FAMOUS,A,1,5,1,8.00,1.8586,1.0466,1.0466,0,0,0
7,제주,FAMOUS,A,1,5,1,16.00,1.8586,1.0466,1.0466,0,0,0
7,제주,FAMOUS,A,2,6,2,0.00,5.9798,3.1983,3.1983,289,0,3
7,제주,FAMOUS,A,2,6,2,0.25,5.9798,4.0785,3.1983,0,0,2
7,제주,FAMOUS,A,2,6,2,0.50,5.9798,4.0785,3.1983,0,0,2
7,제주,FAMOUS,A,2,6,2,1.00,5.9798,4.0785,3.1983,0,0,2
7,제주,FAMOUS,A,2,6,2,1.25,5.9798,4.0785,3.1983,0,0,2
7,제주,FAMOUS,A,2,6,2,1.50,5.9798,4.0785,3.1983,0,0,2
7,제주,FAMOUS,A,2,6,2,1.75,5.9798,4.0785,3.1983,0,0,2
7,제주,FAMOUS,A,2,6,2,2.00,5.9798,4.0785,3.1983,0,0,2
7,제주,FAMOUS,A,2,6,2,3.00,5.9798,4.0785,3.1983,0,0,2
7,제주,FAMOUS,A,2,6,2,4.00,5.9798,4.0785,3.1983,0,0,2
7,제주,FAMOUS,A,2,6,2,8.00,5.9798,4.0785,3.1983,0,0,2
7,제주,FAMOUS,A,2,6,2,16.00,5.9798,4.0785,3.1983,0,0,2
7,제주,FAMOUS,A,3,6,2,0.00,3.1881,1.4961,1.4961,499,0,0
7,제주,FAMOUS,A,3,6,2,0.25,3.1881,2.4350,1.4961,0,0,2
7,제주,FAMOUS,A,3,6,2,0.50,3.1881,2.4350,1.4961,0,0,2
7,제주,FAMOUS,A,3,6,2,1.00,3.1881,2.4350,1.4961,0,0,2
7,제주,FAMOUS,A,3,6,2,1.25,3.1881,2.4350,1.4961,0,0,2
7,제주,FAMOUS,A,3,6,2,1.50,3.1881,2.4350,1.4961,0,0,2
7,제주,FAMOUS,A,3,6,2,1.75,3.1881,2.4350,1.4961,0,0,2
7,제주,FAMOUS,A,3,6,2,2.00,3.1881,2.4350,1.4961,0,0,2
7,제주,FAMOUS,A,3,6,2,3.00,3.1881,2.4350,1.4961,0,0,2
7,제주,FAMOUS,A,3,6,2,4.00,3.1881,2.4350,1.4961,0,0,2
7,제주,FAMOUS,A,3,6,2,8.00,3.1881,2.4350,1.4961,0,0,2
7,제주,FAMOUS,A,3,6,2,16.00,3.1881,2.4350,1.4961,0,0,2
8,제주,FAMOUS,B,1,6,2,0.00,9.5297,6.0700,6.0700,226,0,1
8,제주,FAMOUS,B,1,6,2,0.25,9.5297,6.4221,6.0700,0,0,1
8,제주,FAMOUS,B,1,6,2,0.50,9.5297,6.4221,6.0700,0,0,1
8,제주,FAMOUS,B,1,6,2,1.00,9.5297,6.4221,6.0700,0,0,1
8,제주,FAMOUS,B,1,6,2,1.25,9.5297,6.4221,6.0700,0,0,1
8,제주,FAMOUS,B,1,6,2,1.50,9.5297,6.4221,6.0700,0,0,1
8,제주,FAMOUS,B,1,6,2,1.75,9.5297,6.4221,6.0700,0,0,1
8,제주,FAMOUS,B,1,6,2,2.00,9.5297,6.4221,6.0700,0,0,1
8,제주,FAMOUS,B,1,6,2,3.00,9.5297,6.4221,6.0700,0,0,1
8,제주,FAMOUS,B,1,6,2,4.00,9.5297,6.4221,6.0700,0,0,1
8,제주,FAMOUS,B,1,6,2,8.00,9.5297,6.4221,6.0700,0,0,1
8,제주,FAMOUS,B,1,6,2,16.00,9.5297,6.4221,6.0700,0,0,1
8,제주,FAMOUS,B,2,6,2,0.00,7.7937,5.3070,5.3070,150,0,0
8,제주,FAMOUS,B,2,6,2,0.25,7.7937,5.8807,5.3070,0,0,1
8,제주,FAMOUS,B,2,6,2,0.50,7.7937,5.8807,5.3070,0,0,1
8,제주,FAMOUS,B,2,6,2,1.00,7.7937,5.8807,5.3070,0,0,1
8,제주,FAMOUS,B,2,6,2,1.25,7.7937,5.8807,5.3070,0,0,1
8,제주,FAMOUS,B,2,6,2,1.50,7.7937,5.8807,5.3070,0,0,1
8,제주,FAMOUS,B,2,6,2,1.75,7.7937,5.8807,5.3070,0,0,1
8,제주,FAMOUS,B,2,6,2,2.00,7.7937,5.8807,5.3070,0,0,1
8,제주,FAMOUS,B,2,6,2,3.00,7.7937,5.8807,5.3070,0,0,1
8,제주,FAMOUS,B,2,6,2,4.00,7.7937,5.8807,5.3070,0,0,1
8,제주,FAMOUS,B,2,6,2,8.00,7.7937,5.8807,5.3070,0,0,1
8,제주,FAMOUS,B,2,6,2,16.00,7.7937,5.8807,5.3070,0,0,1
8,제주,FAMOUS,B,3,6,2,0.00,12.3837,6.9830,6.9830,140,0,1
8,제주,FAMOUS,B,3,6,2,0.25,12.3837,7.9914,6.9830,0,1,2
8,제주,FAMOUS,B,3,6,2,0.50,12.3837,7.9914,6.9830,0,1,2
8,제주,FAMOUS,B,3,6,2,1.00,12.3837,7.9914,6.9830,0,1,2
8,제주,FAMOUS,B,3,6,2,1.25,12.3837,7.9914,6.9830,0,1,2
8,제주,FAMOUS,B,3,6,2,1.50,12.3837,7.9914,6.9830,0,1,2
8,제주,FAMOUS,B,3,6,2,1.75,12.3837,7.9914,6.9830,0,1,2
8,제주,FAMOUS,B,3,6,2,2.00,12.3837,7.9914,6.9830,0,1,2
8,제주,FAMOUS,B,3,6,2,3.00,12.3837,7.9914,6.9830,0,1,2
8,제주,FAMOUS,B,3,6,2,4.00,12.3837,7.9914,6.9830,0,1,2
8,제주,FAMOUS,B,3,6,2,8.00,12.3837,7.9914,6.9830,0,1,2
8,제주,FAMOUS,B,3,6,2,16.00,12.3837,7.9914,6.9830,0,1,2
9,제주,FAMOUS,C,1,5,1,0.00,3.3666,2.5047,2.5047,90,0,1
9,제주,FAMOUS,C,1,5,1,0.25,3.3666,2.5047,2.5047,0,0,1
9,제주,FAMOUS,C,1,5,1,0.50,3.3666,2.5047,2.5047,0,0,1
9,제주,FAMOUS,C,1,5,1,1.00,3.3666,2.5047,2.5047,0,0,1
9,제주,FAMOUS,C,1,5,1,1.25,3.3666,2.5047,2.5047,0,0,1
9,제주,FAMOUS,C,1,5,1,1.50,3.3666,2.5047,2.5047,0,0,1
9,제주,FAMOUS,C,1,5,1,1.75,3.3666,2.5047,2.5047,0,0,1
9,제주,FAMOUS,C,1,5,1,2.00,3.3666,2.5047,2.5047,0,0,1
9,제주,FAMOUS,C,1,5,1,3.00,3.3666,2.5047,2.5047,0,0,1
9,제주,FAMOUS,C,1,5,1,4.00,3.3666,2.5047,2.5047,0,0,1
9,제주,FAMOUS,C,1,5,1,8.00,3.3666,2.5047,2.5047,0,0,1
9,제주,FAMOUS,C,1,5,1,16.00,3.3666,2.5047,2.5047,0,0,1
9,제주,FAMOUS,C,2,6,2,0.00,3.0593,2.0639,2.0639,0,0,1
9,제주,FAMOUS,C,2,6,2,0.25,3.0593,2.0639,2.0639,0,0,1
9,제주,FAMOUS,C,2,6,2,0.50,3.0593,2.0639,2.0639,0,0,1
9,제주,FAMOUS,C,2,6,2,1.00,3.0593,2.0639,2.0639,0,0,1
9,제주,FAMOUS,C,2,6,2,1.25,3.0593,2.0639,2.0639,0,0,1
9,제주,FAMOUS,C,2,6,2,1.50,3.0593,2.0639,2.0639,0,0,1
9,제주,FAMOUS,C,2,6,2,1.75,3.0593,2.0639,2.0639,0,0,1
9,제주,FAMOUS,C,2,6,2,2.00,3.0593,2.0639,2.0639,0,0,1
9,제주,FAMOUS,C,2,6,2,3.00,3.0593,2.0639,2.0639,0,0,1
9,제주,FAMOUS,C,2,6,2,4.00,3.0593,2.0639,2.0639,0,0,1
9,제주,FAMOUS,C,2,6,2,8.00,3.0593,2.0639,2.0639,0,0,1
9,제주,FAMOUS,C,2,6,2,16.00,3.0593,2.0639,2.0639,0,0,1
9,제주,FAMOUS,C,3,6,2,0.00,10.9721,10.2954,10.2954,0,0,1
9,제주,FAMOUS,C,3,6,2,0.25,10.9721,10.2954,10.2954,0,0,1
9,제주,FAMOUS,C,3,6,2,0.50,10.9721,10.2954,10.2954,0,0,1
9,제주,FAMOUS,C,3,6,2,1.00,10.9721,10.2954,10.2954,0,0,1
9,제주,FAMOUS,C,3,6,2,1.25,10.9721,10.2954,10.2954,0,0,1
9,제주,FAMOUS,C,3,6,2,1.50,10.9721,10.2954,10.2954,0,0,1
9,제주,FAMOUS,C,3,6,2,1.75,10.9721,10.2954,10.2954,0,0,1
9,제주,FAMOUS,C,3,6,2,2.00,10.9721,10.2954,10.2954,0,0,1
9,제주,FAMOUS,C,3,6,2,3.00,10.9721,10.2954,10.2954,0,0,1
9,제주,FAMOUS,C,3,6,2,4.00,10.9721,10.2954,10.2954,0,0,1
9,제주,FAMOUS,C,3,6,2,8.00,10.9721,10.2954,10.2954,0,0,1
9,제주,FAMOUS,C,3,6,2,16.00,10.9721,10.2954,10.2954,0,0,1
10,서울,FAMOUS,A,1,6,2,0.00,5.1402,2.6734,2.6734,49,0,1
10,서울,FAMOUS,A,1,6,2,0.25,5.1402,3.0689,2.6734,0,0,4
10,서울,FAMOUS,A,1,6,2,0.50,5.1402,3.0689,2.6734,0,0,4
10,서울,FAMOUS,A,1,6,2,1.00,5.1402,3.0689,2.6734,0,0,4
10,서울,FAMOUS,A,1,6,2,1.25,5.1402,3.0689,2.6734,0,0,4
10,서울,FAMOUS,A,1,6,2,1.50,5.1402,3.0689,2.6734,0,0,4
10,서울,FAMOUS,A,1,6,2,1.75,5.1402,3.0689,2.6734,0,0,4
10,서울,FAMOUS,A,1,6,2,2.00,5.1402,3.0689,2.6734,0,0,4
10,서울,FAMOUS,A,1,6,2,3.00,5.1402,3.0689,2.6734,0,0,4
10,서울,FAMOUS,A,1,6,2,4.00,5.1402,3.0689,2.6734,0,0,4
10,서울,FAMOUS,A,1,6,2,8.00,5.1402,3.0689,2.6734,0,0,4
10,서울,FAMOUS,A,1,6,2,16.00,5.1402,3.0689,2.6734,0,0,4
10,서울,FAMOUS,A,2,6,2,0.00,3.4399,1.2763,1.2763,0,0,0
10,서울,FAMOUS,A,2,6,2,0.25,3.4399,1.2763,1.2763,0,0,0
10,서울,FAMOUS,A,2,6,2,0.50,3.4399,1.2763,1.2763,0,0,0
10,서울,FAMOUS,A,2,6,2,1.00,3.4399,1.2763,1.2763,0,0,0
10,서울,FAMOUS,A,2,6,2,1.25,3.4399,1.2763,1.2763,0,0,0
10,서울,FAMOUS,A,2,6,2,1.50,3.4399,1.2763,1.2763,0,0,0
10,서울,FAMOUS,A,2,6,2,1.75,3.4399,1.2763,1.2763,0,0,0
10,서울,FAMOUS,A,2,6,2,2.00,3.4399,1.2763,1.2763,0,0,0
10,서울,FAMOUS,A,2,6,2,3.00,3.4399,1.2763,1.2763,0,0,0
10,서울,FAMOUS,A,2,6,2,4.00,3.4399,1.2763,1.2763,0,0,0
10,서울,FAMOUS,A,2,6,2,8.00,3.4399,1.2763,1.2763,0,0,0
10,서울,FAMOUS,A,2,6,2,16.00,3.4399,1.2763,1.2763,0,0,0
10,서울,FAMOUS,A,3,6,2,0.00,2.9629,1.7861,1.7861,11,0,0
10,서울,FAMOUS,A,3,6,2,0.25,2.9629,2.2641,1.7861,0,0,1
10,서울,FAMOUS,A,3,6,2,0.50,2.9629,2.2641,1.7861,0,0,1
10,서울,FAMOUS,A,3,6,2,1.00,2.9629,2.2641,1.7861,0,0,1
10,서울,FAMOUS,A,3,6,2,1.25,2.9629,2.2641,1.7861,0,0,1
10,서울,FAMOUS,A,3,6,2,1.50,2.9629,2.2641,1.7861,0,0,1
10,서울,FAMOUS,A,3,6,2,1.75,2.9629,2.2641,1.7861,0,0,1
10,서울,FAMOUS,A,3,6,2,2.00,2.9629,2.2641,1.7861,0,0,1
10,서울,FAMOUS,A,3,6,2,3.00,2.9629,2.2641,1.7861,0,0,1
10,서울,FAMOUS,A,3,6,2,4.00,2.9629,2.2641,1.7861,0,0,1
10,서울,FAMOUS,A,3,6,2,8.00,2.9629,2.2641,1.7861,0,0,1
10,서울,FAMOUS,A,3,6,2,16.00,2.9629,2.2641,1.7861,0,0,1
11,서울,FAMOUS,B,1,6,2,0.00,3.3001,2.7632,2.7632,144,0,1
11,서울,FAMOUS,B,1,6,2,0.25,3.3001,3.1092,2.7632,0,0,2
11,서울,FAMOUS,B,1,6,2,0.50,3.3001,3.1092,2.7632,0,0,2
11,서울,FAMOUS,B,1,6,2,1.00,3.3001,3.1092,2.7632,0,0,2
11,서울,FAMOUS,B,1,6,2,1.25,3.3001,3.1092,2.7632,0,0,2
11,서울,FAMOUS,B,1,6,2,1.50,3.3001,3.1092,2.7632,0,0,2
11,서울,FAMOUS,B,1,6,2,1.75,3.3001,3.1092,2.7632,0,0,2
11,서울,FAMOUS,B,1,6,2,2.00,3.3001,3.1092,2.7632,0,0,2
11,서울,FAMOUS,B,1,6,2,3.00,3.3001,3.1092,2.7632,0,0,2
11,서울,FAMOUS,B,1,6,2,4.00,3.3001,3.1092,2.7632,0,0,2
11,서울,FAMOUS,B,1,6,2,8.00,3.3001,3.1092,2.7632,0,0,2
11,서울,FAMOUS,B,1,6,2,16.00,3.3001,3.1092,2.7632,0,0,2
11,서울,FAMOUS,B,2,6,2,0.00,6.3628,3.9992,3.9992,0,0,1
11,서울,FAMOUS,B,2,6,2,0.25,6.3628,3.9992,3.9992,0,0,1
11,서울,FAMOUS,B,2,6,2,0.50,6.3628,3.9992,3.9992,0,0,1
11,서울,FAMOUS,B,2,6,2,1.00,6.3628,3.9992,3.9992,0,0,1
11,서울,FAMOUS,B,2,6,2,1.25,6.3628,3.9992,3.9992,0,0,1
11,서울,FAMOUS,B,2,6,2,1.50,6.3628,3.9992,3.9992,0,0,1
11,서울,FAMOUS,B,2,6,2,1.75,6.3628,3.9992,3.9992,0,0,1
11,서울,FAMOUS,B,2,6,2,2.00,6.3628,3.9992,3.9992,0,0,1
11,서울,FAMOUS,B,2,6,2,3.00,6.3628,3.9992,3.9992,0,0,1
11,서울,FAMOUS,B,2,6,2,4.00,6.3628,3.9992,3.9992,0,0,1
11,서울,FAMOUS,B,2,6,2,8.00,6.3628,3.9992,3.9992,0,0,1
11,서울,FAMOUS,B,2,6,2,16.00,6.3628,3.9992,3.9992,0,0,1
11,서울,FAMOUS,B,3,6,2,0.00,7.6877,3.0770,3.0770,120,0,1
11,서울,FAMOUS,B,3,6,2,0.25,7.6877,4.0183,3.0770,0,0,2
11,서울,FAMOUS,B,3,6,2,0.50,7.6877,4.0183,3.0770,0,0,2
11,서울,FAMOUS,B,3,6,2,1.00,7.6877,4.0183,3.0770,0,0,2
11,서울,FAMOUS,B,3,6,2,1.25,7.6877,4.0183,3.0770,0,0,2
11,서울,FAMOUS,B,3,6,2,1.50,7.6877,4.0183,3.0770,0,0,2
11,서울,FAMOUS,B,3,6,2,1.75,7.6877,4.0183,3.0770,0,0,2
11,서울,FAMOUS,B,3,6,2,2.00,7.6877,4.0183,3.0770,0,0,2
11,서울,FAMOUS,B,3,6,2,3.00,7.6877,4.0183,3.0770,0,0,2
11,서울,FAMOUS,B,3,6,2,4.00,7.6877,4.0183,3.0770,0,0,2
11,서울,FAMOUS,B,3,6,2,8.00,7.6877,4.0183,3.0770,0,0,2
11,서울,FAMOUS,B,3,6,2,16.00,7.6877,4.0183,3.0770,0,0,2
12,서울,FAMOUS,C,1,7,2,0.00,5.7102,3.8658,3.8658,120,0,2
12,서울,FAMOUS,C,1,7,2,0.25,5.7102,4.4129,3.8658,0,0,1
12,서울,FAMOUS,C,1,7,2,0.50,5.7102,4.4129,3.8658,0,0,1
12,서울,FAMOUS,C,1,7,2,1.00,5.7102,4.4129,3.8658,0,0,1
12,서울,FAMOUS,C,1,7,2,1.25,5.7102,4.4129,3.8658,0,0,1
12,서울,FAMOUS,C,1,7,2,1.50,5.7102,4.4129,3.8658,0,0,1
12,서울,FAMOUS,C,1,7,2,1.75,5.7102,4.4129,3.8658,0,0,1
12,서울,FAMOUS,C,1,7,2,2.00,5.7102,4.4129,3.8658,0,0,1
12,서울,FAMOUS,C,1,7,2,3.00,5.7102,4.4129,3.8658,0,0,1
12,서울,FAMOUS,C,1,7,2,4.00,5.7102,4.4129,3.8658,0,0,1
12,서울,FAMOUS,C,1,7,2,8.00,5.7102,4.4129,3.8658,0,0,1
12,서울,FAMOUS,C,1,7,2,16.00,5.7102,4.4129,3.8658,0,0,1
12,서울,FAMOUS,C,2,7,2,0.00,4.7942,2.3156,2.3156,138,0,1
12,서울,FAMOUS,C,2,7,2,0.25,4.7942,2.3988,2.3156,0,0,1
12,서울,FAMOUS,C,2,7,2,0.50,4.7942,2.3988,2.3156,0,0,1
12,서울,FAMOUS,C,2,7,2,1.00,4.7942,2.3988,2.3156,0,0,1
12,서울,FAMOUS,C,2,7,2,1.25,4.7942,2.3988,2.3156,0,0,1
12,서울,FAMOUS,C,2,7,2,1.50,4.7942,2.3988,2.3156,0,0,1
12,서울,FAMOUS,C,2,7,2,1.75,4.7942,2.3988,2.3156,0,0,1
12,서울,FAMOUS,C,2,7,2,2.00,4.7942,2.3988,2.3156,0,0,1
12,서울,FAMOUS,C,2,7,2,3.00,4.7942,2.3988,2.3156,0,0,1
12,서울,FAMOUS,C,2,7,2,4.00,4.7942,2.3988,2.3156,0,0,1
12,서울,FAMOUS,C,2,7,2,8.00,4.7942,2.3988,2.3156,0,0,1
12,서울,FAMOUS,C,2,7,2,16.00,4.7942,2.3988,2.3156,0,0,1
12,서울,FAMOUS,C,3,7,2,0.00,6.6934,2.7579,2.7579,350,0,2
12,서울,FAMOUS,C,3,7,2,0.25,6.6934,4.1593,2.7579,0,1,2
12,서울,FAMOUS,C,3,7,2,0.50,6.6934,4.1593,2.7579,0,1,2
12,서울,FAMOUS,C,3,7,2,1.00,6.6934,4.1593,2.7579,0,1,2
12,서울,FAMOUS,C,3,7,2,1.25,6.6934,4.1593,2.7579,0,1,2
12,서울,FAMOUS,C,3,7,2,1.50,6.6934,4.1593,2.7579,0,1,2
12,서울,FAMOUS,C,3,7,2,1.75,6.6934,4.1593,2.7579,0,1,2
12,서울,FAMOUS,C,3,7,2,2.00,6.6934,4.1593,2.7579,0,1,2
12,서울,FAMOUS,C,3,7,2,3.00,6.6934,4.1593,2.7579,0,1,2
12,서울,FAMOUS,C,3,7,2,4.00,6.6934,4.1593,2.7579,0,1,2
12,서울,FAMOUS,C,3,7,2,8.00,6.6934,4.1593,2.7579,0,1,2
12,서울,FAMOUS,C,3,7,2,16.00,6.6934,4.1593,2.7579,0,1,2
13,강릉,FAMOUS,A,1,6,2,0.00,17.0154,9.0463,9.0463,17,0,1
13,강릉,FAMOUS,A,1,6,2,0.25,17.0154,9.6584,9.0463,6,0,1
13,강릉,FAMOUS,A,1,6,2,0.50,17.0154,9.6584,9.0463,6,0,1
13,강릉,FAMOUS,A,1,6,2,1.00,17.0154,9.6584,9.0463,6,0,1
13,강릉,FAMOUS,A,1,6,2,1.25,17.0154,9.6584,9.0463,6,0,1
13,강릉,FAMOUS,A,1,6,2,1.50,17.0154,11.8139,9.0463,0,0,2
13,강릉,FAMOUS,A,1,6,2,1.75,17.0154,11.8139,9.0463,0,0,2
13,강릉,FAMOUS,A,1,6,2,2.00,17.0154,11.8139,9.0463,0,0,2
13,강릉,FAMOUS,A,1,6,2,3.00,17.0154,11.8139,9.0463,0,0,2
13,강릉,FAMOUS,A,1,6,2,4.00,17.0154,11.8139,9.0463,0,0,2
13,강릉,FAMOUS,A,1,6,2,8.00,17.0154,11.8139,9.0463,0,0,2
13,강릉,FAMOUS,A,1,6,2,16.00,17.0154,11.8139,9.0463,0,0,2
13,강릉,FAMOUS,A,2,6,2,0.00,13.9240,5.9946,5.9946,137,0,0
13,강릉,FAMOUS,A,2,6,2,0.25,13.9240,7.3867,5.9946,0,1,2
13,강릉,FAMOUS,A,2,6,2,0.50,13.9240,7.3867,5.9946,0,1,2
13,강릉,FAMOUS,A,2,6,2,1.00,13.9240,7.3867,5.9946,0,1,2
13,강릉,FAMOUS,A,2,6,2,1.25,13.9240,7.3867,5.9946,0,1,2
13,강릉,FAMOUS,A,2,6,2,1.50,13.9240,7.3867,5.9946,0,1,2
13,강릉,FAMOUS,A,2,6,2,1.75,13.9240,7.3867,5.9946,0,1,2
13,강릉,FAMOUS,A,2,6,2,2.00,13.9240,7.3867,5.9946,0,1,2
13,강릉,FAMOUS,A,2,6,2,3.00,13.9240,7.3867,5.9946,0,1,2
13,강릉,FAMOUS,A,2,6,2,4.00,13.9240,7.3867,5.9946,0,1,2
13,강릉,FAMOUS,A,2,6,2,8.00,13.9240,7.3867,5.9946,0,1,2
13,강릉,FAMOUS,A,2,6,2,16.00,13.9240,7.3867,5.9946,0,1,2
13,강릉,FAMOUS,A,3,5,1,0.00,2.8267,1.5971,1.5971,37,0,1
13,강릉,FAMOUS,A,3,5,1,0.25,2.8267,1.5971,1.5971,0,0,1
13,강릉,FAMOUS,A,3,5,1,0.50,2.8267,1.5971,1.5971,0,0,1
13,강릉,FAMOUS,A,3,5,1,1.00,2.8267,1.5971,1.5971,0,0,1
13,강릉,FAMOUS,A,3,5,1,1.25,2.8267,1.5971,1.5971,0,0,1
13,강릉,FAMOUS,A,3,5,1,1.50,2.8267,1.5971,1.5971,0,0,1
13,강릉,FAMOUS,A,3,5,1,1.75,2.8267,1.5971,1.5971,0,0,1
13,강릉,FAMOUS,A,3,5,1,2.00,2.8267,1.5971,1.5971,0,0,1
13,강릉,FAMOUS,A,3,5,1,3.00,2.8267,1.5971,1.5971,0,0,1
13,강릉,FAMOUS,A,3,5,1,4.00,2.8267,1.5971,1.5971,0,0,1
13,강릉,FAMOUS,A,3,5,1,8.00,2.8267,1.5971,1.5971,0,0,1
13,강릉,FAMOUS,A,3,5,1,16.00,2.8267,1.5971,1.5971,0,0,1
14,강릉,FAMOUS,B,1,6,2,0.00,9.7770,4.6800,4.6800,158,0,0
14,강릉,FAMOUS,B,1,6,2,0.25,9.7770,5.9845,4.6800,0,0,2
14,강릉,FAMOUS,B,1,6,2,0.50,9.7770,5.9845,4.6800,0,0,2
14,강릉,FAMOUS,B,1,6,2,1.00,9.7770,5.9845,4.6800,0,0,2
14,강릉,FAMOUS,B,1,6,2,1.25,9.7770,5.9845,4.6800,0,0,2
14,강릉,FAMOUS,B,1,6,2,1.50,9.7770,5.9845,4.6800,0,0,2
14,강릉,FAMOUS,B,1,6,2,1.75,9.7770,5.9845,4.6800,0,0,2
14,강릉,FAMOUS,B,1,6,2,2.00,9.7770,5.9845,4.6800,0,0,2
14,강릉,FAMOUS,B,1,6,2,3.00,9.7770,5.9845,4.6800,0,0,2
14,강릉,FAMOUS,B,1,6,2,4.00,9.7770,5.9845,4.6800,0,0,2
14,강릉,FAMOUS,B,1,6,2,8.00,9.7770,5.9845,4.6800,0,0,2
14,강릉,FAMOUS,B,1,6,2,16.00,9.7770,5.9845,4.6800,0,0,2
14,강릉,FAMOUS,B,2,5,2,0.00,4.3816,3.6808,3.6808,143,0,1
14,강릉,FAMOUS,B,2,5,2,0.25,4.3816,4.1906,3.6808,0,0,2
14,강릉,FAMOUS,B,2,5,2,0.50,4.3816,4.1906,3.6808,0,0,2
14,강릉,FAMOUS,B,2,5,2,1.00,4.3816,4.1906,3.6808,0,0,2
14,강릉,FAMOUS,B,2,5,2,1.25,4.3816,4.1906,3.6808,0,0,2
14,강릉,FAMOUS,B,2,5,2,1.50,4.3816,4.1906,3.6808,0,0,2
14,강릉,FAMOUS,B,2,5,2,1.75,4.3816,4.1906,3.6808,0,0,2
14,강릉,FAMOUS,B,2,5,2,2.00,4.3816,4.1906,3.6808,0,0,2
14,강릉,FAMOUS,B,2,5,2,3.00,4.3816,4.1906,3.6808,0,0,2
14,강릉,FAMOUS,B,2,5,2,4.00,4.3816,4.1906,3.6808,0,0,2
14,강릉,FAMOUS,B,2,5,2,8.00,4.3816,4.1906,3.6808,0,0,2
14,강릉,FAMOUS,B,2,5,2,16.00,4.3816,4.1906,3.6808,0,0,2
14,강릉,FAMOUS,B,3,6,2,0.00,28.6949,17.6094,17.6094,270,0,1
14,강릉,FAMOUS,B,3,6,2,0.25,28.6949,20.5561,17.6094,0,0,2
14,강릉,FAMOUS,B,3,6,2,0.50,28.6949,20.5561,17.6094,0,0,2
14,강릉,FAMOUS,B,3,6,2,1.00,28.6949,20.5561,17.6094,0,0,2
14,강릉,FAMOUS,B,3,6,2,1.25,28.6949,20.5561,17.6094,0,0,2
14,강릉,FAMOUS,B,3,6,2,1.50,28.6949,20.5561,17.6094,0,0,2
14,강릉,FAMOUS,B,3,6,2,1.75,28.6949,20.5561,17.6094,0,0,2
14,강릉,FAMOUS,B,3,6,2,2.00,28.6949,20.5561,17.6094,0,0,2
14,강릉,FAMOUS,B,3,6,2,3.00,28.6949,20.5561,17.6094,0,0,2
14,강릉,FAMOUS,B,3,6,2,4.00,28.6949,20.5561,17.6094,0,0,2
14,강릉,FAMOUS,B,3,6,2,8.00,28.6949,20.5561,17.6094,0,0,2
14,강릉,FAMOUS,B,3,6,2,16.00,28.6949,20.5561,17.6094,0,0,2
15,강릉,FAMOUS,C,1,6,2,0.00,3.7588,2.3123,2.3123,141,0,1
15,강릉,FAMOUS,C,1,6,2,0.25,3.7588,2.3123,2.3123,0,0,1
15,강릉,FAMOUS,C,1,6,2,0.50,3.7588,2.3123,2.3123,0,0,1
15,강릉,FAMOUS,C,1,6,2,1.00,3.7588,2.3123,2.3123,0,0,1
15,강릉,FAMOUS,C,1,6,2,1.25,3.7588,2.3123,2.3123,0,0,1
15,강릉,FAMOUS,C,1,6,2,1.50,3.7588,2.3123,2.3123,0,0,1
15,강릉,FAMOUS,C,1,6,2,1.75,3.7588,2.3123,2.3123,0,0,1
15,강릉,FAMOUS,C,1,6,2,2.00,3.7588,2.3123,2.3123,0,0,1
15,강릉,FAMOUS,C,1,6,2,3.00,3.7588,2.3123,2.3123,0,0,1
15,강릉,FAMOUS,C,1,6,2,4.00,3.7588,2.3123,2.3123,0,0,1
15,강릉,FAMOUS,C,1,6,2,8.00,3.7588,2.3123,2.3123,0,0,1
15,강릉,FAMOUS,C,1,6,2,16.00,3.7588,2.3123,2.3123,0,0,1
15,강릉,FAMOUS,C,2,6,2,0.00,11.0613,5.6104,5.6104,48,0,1
15,강릉,FAMOUS,C,2,6,2,0.25,11.0613,6.1343,5.6104,0,0,1
15,강릉,FAMOUS,C,2,6,2,0.50,11.0613,6.1343,5.6104,0,0,1
15,강릉,FAMOUS,C,2,6,2,1.00,11.0613,6.1343,5.6104,0,0,1
15,강릉,FAMOUS,C,2,6,2,1.25,11.0613,6.1343,5.6104,0,0,1
15,강릉,FAMOUS,C,2,6,2,1.50,11.0613,6.1343,5.6104,0,0,1
15,강릉,FAMOUS,C,2,6,2,1.75,11.0613,6.1343,5.6104,0,0,1
15,강릉,FAMOUS,C,2,6,2,2.00,11.0613,6.1343,5.6104,0,0,1
15,강릉,FAMOUS,C,2,6,2,3.00,11.0613,6.1343,5.6104,0,0,1
15,강릉,FAMOUS,C,2,6,2,4.00,11.0613,6.1343,5.6104,0,0,1
15,강릉,FAMOUS,C,2,6,2,8.00,11.0613,6.1343,5.6104,0,0,1
15,강릉,FAMOUS,C,2,6,2,16.00,11.0613,6.1343,5.6104,0,0,1
15,강릉,FAMOUS,C,3,6,2,0.00,10.7226,5.5279,5.5279,139,0,1
15,강릉,FAMOUS,C,3,6,2,0.25,10.7226,7.0658,5.5279,0,0,3
15,강릉,FAMOUS,C,3,6,2,0.50,10.7226,7.0658,5.5279,0,0,3
15,강릉,FAMOUS,C,3,6,2,1.00,10.7226,7.0658,5.5279,0,0,3
15,강릉,FAMOUS,C,3,6,2,1.25,10.7226,7.0658,5.5279,0,0,3
15,강릉,FAMOUS,C,3,6,2,1.50,10.7226,7.0658,5.5279,0,0,3
15,강릉,FAMOUS,C,3,6,2,1.75,10.7226,7.0658,5.5279,0,0,3
15,강릉,FAMOUS,C,3,6,2,2.00,10.7226,7.0658,5.5279,0,0,3
15,강릉,FAMOUS,C,3,6,2,3.00,10.7226,7.0658,5.5279,0,0,3
15,강릉,FAMOUS,C,3,6,2,4.00,10.7226,7.0658,5.5279,0,0,3
15,강릉,FAMOUS,C,3,6,2,8.00,10.7226,7.0658,5.5279,0,0,3
15,강릉,FAMOUS,C,3,6,2,16.00,10.7226,7.0658,5.5279,0,0,3
16,순천,MINOR,A,1,6,2,0.00,13.5064,6.4850,6.4850,139,0,2
16,순천,MINOR,A,1,6,2,0.25,13.5064,11.5949,6.4850,0,0,2
16,순천,MINOR,A,1,6,2,0.50,13.5064,11.5949,6.4850,0,0,2
16,순천,MINOR,A,1,6,2,1.00,13.5064,11.5949,6.4850,0,0,2
16,순천,MINOR,A,1,6,2,1.25,13.5064,11.5949,6.4850,0,0,2
16,순천,MINOR,A,1,6,2,1.50,13.5064,11.5949,6.4850,0,0,2
16,순천,MINOR,A,1,6,2,1.75,13.5064,11.5949,6.4850,0,0,2
16,순천,MINOR,A,1,6,2,2.00,13.5064,11.5949,6.4850,0,0,2
16,순천,MINOR,A,1,6,2,3.00,13.5064,11.5949,6.4850,0,0,2
16,순천,MINOR,A,1,6,2,4.00,13.5064,11.5949,6.4850,0,0,2
16,순천,MINOR,A,1,6,2,8.00,13.5064,11.5949,6.4850,0,0,2
16,순천,MINOR,A,1,6,2,16.00,13.5064,11.5949,6.4850,0,0,2
16,순천,MINOR,A,2,6,2,0.00,19.0957,11.2376,11.2376,136,0,2
16,순천,MINOR,A,2,6,2,0.25,19.0957,11.3599,11.2376,34,0,4
16,순천,MINOR,A,2,6,2,0.50,19.0957,13.3912,11.2376,4,1,4
16,순천,MINOR,A,2,6,2,1.00,19.0957,13.3912,11.2376,4,1,4
16,순천,MINOR,A,2,6,2,1.25,19.0957,13.3912,11.2376,4,1,4
16,순천,MINOR,A,2,6,2,1.50,19.0957,13.3912,11.2376,4,1,4
16,순천,MINOR,A,2,6,2,1.75,19.0957,14.9883,11.2376,0,0,1
16,순천,MINOR,A,2,6,2,2.00,19.0957,14.9883,11.2376,0,0,1
16,순천,MINOR,A,2,6,2,3.00,19.0957,14.9883,11.2376,0,0,1
16,순천,MINOR,A,2,6,2,4.00,19.0957,14.9883,11.2376,0,0,1
16,순천,MINOR,A,2,6,2,8.00,19.0957,14.9883,11.2376,0,0,1
16,순천,MINOR,A,2,6,2,16.00,19.0957,14.9883,11.2376,0,0,1
16,순천,MINOR,A,3,6,1,0.00,3.4779,2.4114,2.4114,48,0,1
16,순천,MINOR,A,3,6,1,0.25,3.4779,2.4406,2.4114,0,0,1
16,순천,MINOR,A,3,6,1,0.50,3.4779,2.4406,2.4114,0,0,1
16,순천,MINOR,A,3,6,1,1.00,3.4779,2.4406,2.4114,0,0,1
16,순천,MINOR,A,3,6,1,1.25,3.4779,2.4406,2.4114,0,0,1
16,순천,MINOR,A,3,6,1,1.50,3.4779,2.4406,2.4114,0,0,1
16,순천,MINOR,A,3,6,1,1.75,3.4779,2.4406,2.4114,0,0,1
16,순천,MINOR,A,3,6,1,2.00,3.4779,2.4406,2.4114,0,0,1
16,순천,MINOR,A,3,6,1,3.00,3.4779,2.4406,2.4114,0,0,1
16,순천,MINOR,A,3,6,1,4.00,3.4779,2.4406,2.4114,0,0,1
16,순천,MINOR,A,3,6,1,8.00,3.4779,2.4406,2.4114,0,0,1
16,순천,MINOR,A,3,6,1,16.00,3.4779,2.4406,2.4114,0,0,1
17,순천,MINOR,B,1,6,2,0.00,12.1618,6.6280,6.6280,144,0,1
17,순천,MINOR,B,1,6,2,0.25,12.1618,8.5775,6.6280,0,2,3
17,순천,MINOR,B,1,6,2,0.50,12.1618,8.5775,6.6280,0,2,3
17,순천,MINOR,B,1,6,2,1.00,12.1618,8.5775,6.6280,0,2,3
17,순천,MINOR,B,1,6,2,1.25,12.1618,8.5775,6.6280,0,2,3
17,순천,MINOR,B,1,6,2,1.50,12.1618,8.5775,6.6280,0,2,3
17,순천,MINOR,B,1,6,2,1.75,12.1618,8.5775,6.6280,0,2,3
17,순천,MINOR,B,1,6,2,2.00,12.1618,8.5775,6.6280,0,2,3
17,순천,MINOR,B,1,6,2,3.00,12.1618,8.5775,6.6280,0,2,3
17,순천,MINOR,B,1,6,2,4.00,12.1618,8.5775,6.6280,0,2,3
17,순천,MINOR,B,1,6,2,8.00,12.1618,8.5775,6.6280,0,2,3
17,순천,MINOR,B,1,6,2,16.00,12.1618,8.5775,6.6280,0,2,3
17,순천,MINOR,B,2,6,2,0.00,5.8491,3.0171,3.0171,160,0,1
17,순천,MINOR,B,2,6,2,0.25,5.8491,3.5041,3.0171,4,1,3
17,순천,MINOR,B,2,6,2,0.50,5.8491,3.8406,3.0171,0,0,3
17,순천,MINOR,B,2,6,2,1.00,5.8491,3.8406,3.0171,0,0,3
17,순천,MINOR,B,2,6,2,1.25,5.8491,3.8406,3.0171,0,0,3
17,순천,MINOR,B,2,6,2,1.50,5.8491,3.8406,3.0171,0,0,3
17,순천,MINOR,B,2,6,2,1.75,5.8491,3.8406,3.0171,0,0,3
17,순천,MINOR,B,2,6,2,2.00,5.8491,3.8406,3.0171,0,0,3
17,순천,MINOR,B,2,6,2,3.00,5.8491,3.8406,3.0171,0,0,3
17,순천,MINOR,B,2,6,2,4.00,5.8491,3.8406,3.0171,0,0,3
17,순천,MINOR,B,2,6,2,8.00,5.8491,3.8406,3.0171,0,0,3
17,순천,MINOR,B,2,6,2,16.00,5.8491,3.8406,3.0171,0,0,3
17,순천,MINOR,B,3,5,1,0.00,2.7265,2.3066,2.3066,54,0,0
17,순천,MINOR,B,3,5,1,0.25,2.7265,2.6246,2.3066,0,0,0
17,순천,MINOR,B,3,5,1,0.50,2.7265,2.6246,2.3066,0,0,0
17,순천,MINOR,B,3,5,1,1.00,2.7265,2.6246,2.3066,0,0,0
17,순천,MINOR,B,3,5,1,1.25,2.7265,2.6246,2.3066,0,0,0
17,순천,MINOR,B,3,5,1,1.50,2.7265,2.6246,2.3066,0,0,0
17,순천,MINOR,B,3,5,1,1.75,2.7265,2.6246,2.3066,0,0,0
17,순천,MINOR,B,3,5,1,2.00,2.7265,2.6246,2.3066,0,0,0
17,순천,MINOR,B,3,5,1,3.00,2.7265,2.6246,2.3066,0,0,0
17,순천,MINOR,B,3,5,1,4.00,2.7265,2.6246,2.3066,0,0,0
17,순천,MINOR,B,3,5,1,8.00,2.7265,2.6246,2.3066,0,0,0
17,순천,MINOR,B,3,5,1,16.00,2.7265,2.6246,2.3066,0,0,0
18,순천,MINOR,C,1,6,2,0.00,6.3167,4.5030,4.5030,148,0,1
18,순천,MINOR,C,1,6,2,0.25,6.3167,4.8854,4.5030,0,0,2
18,순천,MINOR,C,1,6,2,0.50,6.3167,4.8854,4.5030,0,0,2
18,순천,MINOR,C,1,6,2,1.00,6.3167,4.8854,4.5030,0,0,2
18,순천,MINOR,C,1,6,2,1.25,6.3167,4.8854,4.5030,0,0,2
18,순천,MINOR,C,1,6,2,1.50,6.3167,4.8854,4.5030,0,0,2
18,순천,MINOR,C,1,6,2,1.75,6.3167,4.8854,4.5030,0,0,2
18,순천,MINOR,C,1,6,2,2.00,6.3167,4.8854,4.5030,0,0,2
18,순천,MINOR,C,1,6,2,3.00,6.3167,4.8854,4.5030,0,0,2
18,순천,MINOR,C,1,6,2,4.00,6.3167,4.8854,4.5030,0,0,2
18,순천,MINOR,C,1,6,2,8.00,6.3167,4.8854,4.5030,0,0,2
18,순천,MINOR,C,1,6,2,16.00,6.3167,4.8854,4.5030,0,0,2
18,순천,MINOR,C,2,6,2,0.00,17.1670,9.2619,9.2619,147,0,2
18,순천,MINOR,C,2,6,2,0.25,17.1670,11.4641,9.2619,0,0,3
18,순천,MINOR,C,2,6,2,0.50,17.1670,11.4641,9.2619,0,0,3
18,순천,MINOR,C,2,6,2,1.00,17.1670,11.4641,9.2619,0,0,3
18,순천,MINOR,C,2,6,2,1.25,17.1670,11.4641,9.2619,0,0,3
18,순천,MINOR,C,2,6,2,1.50,17.1670,11.4641,9.2619,0,0,3
18,순천,MINOR,C,2,6,2,1.75,17.1670,11.4641,9.2619,0,0,3
18,순천,MINOR,C,2,6,2,2.00,17.1670,11.4641,9.2619,0,0,3
18,순천,MINOR,C,2,6,2,3.00,17.1670,11.4641,9.2619,0,0,3
18,순천,MINOR,C,2,6,2,4.00,17.1670,11.4641,9.2619,0,0,3
18,순천,MINOR,C,2,6,2,8.00,17.1670,11.4641,9.2619,0,0,3
18,순천,MINOR,C,2,6,2,16.00,17.1670,11.4641,9.2619,0,0,3
18,순천,MINOR,C,3,5,1,0.00,13.2795,6.7519,6.7519,5,0,0
18,순천,MINOR,C,3,5,1,0.25,13.2795,6.8142,6.7519,0,1,2
18,순천,MINOR,C,3,5,1,0.50,13.2795,6.8142,6.7519,0,1,2
18,순천,MINOR,C,3,5,1,1.00,13.2795,6.8142,6.7519,0,1,2
18,순천,MINOR,C,3,5,1,1.25,13.2795,6.8142,6.7519,0,1,2
18,순천,MINOR,C,3,5,1,1.50,13.2795,6.8142,6.7519,0,1,2
18,순천,MINOR,C,3,5,1,1.75,13.2795,6.8142,6.7519,0,1,2
18,순천,MINOR,C,3,5,1,2.00,13.2795,6.8142,6.7519,0,1,2
18,순천,MINOR,C,3,5,1,3.00,13.2795,6.8142,6.7519,0,1,2
18,순천,MINOR,C,3,5,1,4.00,13.2795,6.8142,6.7519,0,1,2
18,순천,MINOR,C,3,5,1,8.00,13.2795,6.8142,6.7519,0,1,2
18,순천,MINOR,C,3,5,1,16.00,13.2795,6.8142,6.7519,0,1,2
19,영주,MINOR,A,1,5,1,0.00,7.4391,5.7458,5.7458,0,0,1
19,영주,MINOR,A,1,5,1,0.25,7.4391,5.7458,5.7458,0,0,1
19,영주,MINOR,A,1,5,1,0.50,7.4391,5.7458,5.7458,0,0,1
19,영주,MINOR,A,1,5,1,1.00,7.4391,5.7458,5.7458,0,0,1
19,영주,MINOR,A,1,5,1,1.25,7.4391,5.7458,5.7458,0,0,1
19,영주,MINOR,A,1,5,1,1.50,7.4391,5.7458,5.7458,0,0,1
19,영주,MINOR,A,1,5,1,1.75,7.4391,5.7458,5.7458,0,0,1
19,영주,MINOR,A,1,5,1,2.00,7.4391,5.7458,5.7458,0,0,1
19,영주,MINOR,A,1,5,1,3.00,7.4391,5.7458,5.7458,0,0,1
19,영주,MINOR,A,1,5,1,4.00,7.4391,5.7458,5.7458,0,0,1
19,영주,MINOR,A,1,5,1,8.00,7.4391,5.7458,5.7458,0,0,1
19,영주,MINOR,A,1,5,1,16.00,7.4391,5.7458,5.7458,0,0,1
19,영주,MINOR,A,2,5,1,0.00,13.4827,8.3069,8.3069,0,0,0
19,영주,MINOR,A,2,5,1,0.25,13.4827,8.3069,8.3069,0,0,0
19,영주,MINOR,A,2,5,1,0.50,13.4827,8.3069,8.3069,0,0,0
19,영주,MINOR,A,2,5,1,1.00,13.4827,8.3069,8.3069,0,0,0
19,영주,MINOR,A,2,5,1,1.25,13.4827,8.3069,8.3069,0,0,0
19,영주,MINOR,A,2,5,1,1.50,13.4827,8.3069,8.3069,0,0,0
19,영주,MINOR,A,2,5,1,1.75,13.4827,8.3069,8.3069,0,0,0
19,영주,MINOR,A,2,5,1,2.00,13.4827,8.3069,8.3069,0,0,0
19,영주,MINOR,A,2,5,1,3.00,13.4827,8.3069,8.3069,0,0,0
19,영주,MINOR,A,2,5,1,4.00,13.4827,8.3069,8.3069,0,0,0
19,영주,MINOR,A,2,5,1,8.00,13.4827,8.3069,8.3069,0,0,0
19,영주,MINOR,A,2,5,1,16.00,13.4827,8.3069,8.3069,0,0,0
19,영주,MINOR,A,3,5,1,0.00,9.3310,5.4542,5.4542,0,0,1
19,영주,MINOR,A,3,5,1,0.25,9.3310,5.4542,5.4542,0,0,1
19,영주,MINOR,A,3,5,1,0.50,9.3310,5.4542,5.4542,0,0,1
19,영주,MINOR,A,3,5,1,1.00,9.3310,5.4542,5.4542,0,0,1
19,영주,MINOR,A,3,5,1,1.25,9.3310,5.4542,5.4542,0,0,1
19,영주,MINOR,A,3,5,1,1.50,9.3310,5.4542,5.4542,0,0,1
19,영주,MINOR,A,3,5,1,1.75,9.3310,5.4542,5.4542,0,0,1
19,영주,MINOR,A,3,5,1,2.00,9.3310,5.4542,5.4542,0,0,1
19,영주,MINOR,A,3,5,1,3.00,9.3310,5.4542,5.4542,0,0,1
19,영주,MINOR,A,3,5,1,4.00,9.3310,5.4542,5.4542,0,0,1
19,영주,MINOR,A,3,5,1,8.00,9.3310,5.4542,5.4542,0,0,1
19,영주,MINOR,A,3,5,1,16.00,9.3310,5.4542,5.4542,0,0,1
20,영주,MINOR,B,1,5,1,0.00,7.6465,4.2183,4.2183,0,0,0
20,영주,MINOR,B,1,5,1,0.25,7.6465,4.2183,4.2183,0,0,0
20,영주,MINOR,B,1,5,1,0.50,7.6465,4.2183,4.2183,0,0,0
20,영주,MINOR,B,1,5,1,1.00,7.6465,4.2183,4.2183,0,0,0
20,영주,MINOR,B,1,5,1,1.25,7.6465,4.2183,4.2183,0,0,0
20,영주,MINOR,B,1,5,1,1.50,7.6465,4.2183,4.2183,0,0,0
20,영주,MINOR,B,1,5,1,1.75,7.6465,4.2183,4.2183,0,0,0
20,영주,MINOR,B,1,5,1,2.00,7.6465,4.2183,4.2183,0,0,0
20,영주,MINOR,B,1,5,1,3.00,7.6465,4.2183,4.2183,0,0,0
20,영주,MINOR,B,1,5,1,4.00,7.6465,4.2183,4.2183,0,0,0
20,영주,MINOR,B,1,5,1,8.00,7.6465,4.2183,4.2183,0,0,0
20,영주,MINOR,B,1,5,1,16.00,7.6465,4.2183,4.2183,0,0,0
20,영주,MINOR,B,2,5,1,0.00,18.1677,5.6588,5.6588,0,0,0
20,영주,MINOR,B,2,5,1,0.25,18.1677,5.6588,5.6588,0,0,0
20,영주,MINOR,B,2,5,1,0.50,18.1677,5.6588,5.6588,0,0,0
20,영주,MINOR,B,2,5,1,1.00,18.1677,5.6588,5.6588,0,0,0
20,영주,MINOR,B,2,5,1,1.25,18.1677,5.6588,5.6588,0,0,0
20,영주,MINOR,B,2,5,1,1.50,18.1677,5.6588,5.6588,0,0,0
20,영주,MINOR,B,2,5,1,1.75,18.1677,5.6588,5.6588,0,0,0
20,영주,MINOR,B,2,5,1,2.00,18.1677,5.6588,5.6588,0,0,0
20,영주,MINOR,B,2,5,1,3.00,18.1677,5.6588,5.6588,0,0,0
20,영주,MINOR,B,2,5,1,4.00,18.1677,5.6588,5.6588,0,0,0
20,영주,MINOR,B,2,5,1,8.00,18.1677,5.6588,5.6588,0,0,0
20,영주,MINOR,B,2,5,1,16.00,18.1677,5.6588,5.6588,0,0,0
20,영주,MINOR,B,3,5,1,0.00,9.6216,5.1618,5.1618,120,0,0
20,영주,MINOR,B,3,5,1,0.25,9.6216,5.2217,5.1618,0,0,1
20,영주,MINOR,B,3,5,1,0.50,9.6216,5.2217,5.1618,0,0,1
20,영주,MINOR,B,3,5,1,1.00,9.6216,5.2217,5.1618,0,0,1
20,영주,MINOR,B,3,5,1,1.25,9.6216,5.2217,5.1618,0,0,1
20,영주,MINOR,B,3,5,1,1.50,9.6216,5.2217,5.1618,0,0,1
20,영주,MINOR,B,3,5,1,1.75,9.6216,5.2217,5.1618,0,0,1
20,영주,MINOR,B,3,5,1,2.00,9.6216,5.2217,5.1618,0,0,1
20,영주,MINOR,B,3,5,1,3.00,9.6216,5.2217,5.1618,0,0,1
20,영주,MINOR,B,3,5,1,4.00,9.6216,5.2217,5.1618,0,0,1
20,영주,MINOR,B,3,5,1,8.00,9.6216,5.2217,5.1618,0,0,1
20,영주,MINOR,B,3,5,1,16.00,9.6216,5.2217,5.1618,0,0,1
21,영주,MINOR,C,1,5,1,0.00,6.3988,5.9153,5.9153,0,0,0
21,영주,MINOR,C,1,5,1,0.25,6.3988,5.9153,5.9153,0,0,0
21,영주,MINOR,C,1,5,1,0.50,6.3988,5.9153,5.9153,0,0,0
21,영주,MINOR,C,1,5,1,1.00,6.3988,5.9153,5.9153,0,0,0
21,영주,MINOR,C,1,5,1,1.25,6.3988,5.9153,5.9153,0,0,0
21,영주,MINOR,C,1,5,1,1.50,6.3988,5.9153,5.9153,0,0,0
21,영주,MINOR,C,1,5,1,1.75,6.3988,5.9153,5.9153,0,0,0
21,영주,MINOR,C,1,5,1,2.00,6.3988,5.9153,5.9153,0,0,0
21,영주,MINOR,C,1,5,1,3.00,6.3988,5.9153,5.9153,0,0,0
21,영주,MINOR,C,1,5,1,4.00,6.3988,5.9153,5.9153,0,0,0
21,영주,MINOR,C,1,5,1,8.00,6.3988,5.9153,5.9153,0,0,0
21,영주,MINOR,C,1,5,1,16.00,6.3988,5.9153,5.9153,0,0,0
21,영주,MINOR,C,2,6,2,0.00,28.1966,14.6226,14.6226,138,0,2
21,영주,MINOR,C,2,6,2,0.25,28.1966,15.0189,14.6226,0,1,2
21,영주,MINOR,C,2,6,2,0.50,28.1966,15.0189,14.6226,0,1,2
21,영주,MINOR,C,2,6,2,1.00,28.1966,15.0189,14.6226,0,1,2
21,영주,MINOR,C,2,6,2,1.25,28.1966,15.0189,14.6226,0,1,2
21,영주,MINOR,C,2,6,2,1.50,28.1966,15.0189,14.6226,0,1,2
21,영주,MINOR,C,2,6,2,1.75,28.1966,15.0189,14.6226,0,1,2
21,영주,MINOR,C,2,6,2,2.00,28.1966,15.0189,14.6226,0,1,2
21,영주,MINOR,C,2,6,2,3.00,28.1966,15.0189,14.6226,0,1,2
21,영주,MINOR,C,2,6,2,4.00,28.1966,15.0189,14.6226,0,1,2
21,영주,MINOR,C,2,6,2,8.00,28.1966,15.0189,14.6226,0,1,2
21,영주,MINOR,C,2,6,2,16.00,28.1966,15.0189,14.6226,0,1,2
21,영주,MINOR,C,3,5,1,0.00,18.1677,5.6588,5.6588,0,0,0
21,영주,MINOR,C,3,5,1,0.25,18.1677,5.6588,5.6588,0,0,0
21,영주,MINOR,C,3,5,1,0.50,18.1677,5.6588,5.6588,0,0,0
21,영주,MINOR,C,3,5,1,1.00,18.1677,5.6588,5.6588,0,0,0
21,영주,MINOR,C,3,5,1,1.25,18.1677,5.6588,5.6588,0,0,0
21,영주,MINOR,C,3,5,1,1.50,18.1677,5.6588,5.6588,0,0,0
21,영주,MINOR,C,3,5,1,1.75,18.1677,5.6588,5.6588,0,0,0
21,영주,MINOR,C,3,5,1,2.00,18.1677,5.6588,5.6588,0,0,0
21,영주,MINOR,C,3,5,1,3.00,18.1677,5.6588,5.6588,0,0,0
21,영주,MINOR,C,3,5,1,4.00,18.1677,5.6588,5.6588,0,0,0
21,영주,MINOR,C,3,5,1,8.00,18.1677,5.6588,5.6588,0,0,0
21,영주,MINOR,C,3,5,1,16.00,18.1677,5.6588,5.6588,0,0,0
22,공주,MINOR,A,1,6,2,0.00,3.6620,1.6877,1.6877,138,0,1
22,공주,MINOR,A,1,6,2,0.25,3.6620,1.9524,1.6877,0,0,1
22,공주,MINOR,A,1,6,2,0.50,3.6620,1.9524,1.6877,0,0,1
22,공주,MINOR,A,1,6,2,1.00,3.6620,1.9524,1.6877,0,0,1
22,공주,MINOR,A,1,6,2,1.25,3.6620,1.9524,1.6877,0,0,1
22,공주,MINOR,A,1,6,2,1.50,3.6620,1.9524,1.6877,0,0,1
22,공주,MINOR,A,1,6,2,1.75,3.6620,1.9524,1.6877,0,0,1
22,공주,MINOR,A,1,6,2,2.00,3.6620,1.9524,1.6877,0,0,1
22,공주,MINOR,A,1,6,2,3.00,3.6620,1.9524,1.6877,0,0,1
22,공주,MINOR,A,1,6,2,4.00,3.6620,1.9524,1.6877,0,0,1
22,공주,MINOR,A,1,6,2,8.00,3.6620,1.9524,1.6877,0,0,1
22,공주,MINOR,A,1,6,2,16.00,3.6620,1.9524,1.6877,0,0,1
22,공주,MINOR,A,2,6,2,0.00,18.1191,13.5940,13.5940,87,0,1
22,공주,MINOR,A,2,6,2,0.25,18.1191,16.1468,13.5940,0,0,2
22,공주,MINOR,A,2,6,2,0.50,18.1191,16.1468,13.5940,0,0,2
22,공주,MINOR,A,2,6,2,1.00,18.1191,16.1468,13.5940,0,0,2
22,공주,MINOR,A,2,6,2,1.25,18.1191,16.1468,13.5940,0,0,2
22,공주,MINOR,A,2,6,2,1.50,18.1191,16.1468,13.5940,0,0,2
22,공주,MINOR,A,2,6,2,1.75,18.1191,16.1468,13.5940,0,0,2
22,공주,MINOR,A,2,6,2,2.00,18.1191,16.1468,13.5940,0,0,2
22,공주,MINOR,A,2,6,2,3.00,18.1191,16.1468,13.5940,0,0,2
22,공주,MINOR,A,2,6,2,4.00,18.1191,16.1468,13.5940,0,0,2
22,공주,MINOR,A,2,6,2,8.00,18.1191,16.1468,13.5940,0,0,2
22,공주,MINOR,A,2,6,2,16.00,18.1191,16.1468,13.5940,0,0,2
22,공주,MINOR,A,3,5,1,0.00,4.5439,2.5226,2.5226,69,0,1
22,공주,MINOR,A,3,5,1,0.25,4.5439,3.0895,2.5226,0,0,1
22,공주,MINOR,A,3,5,1,0.50,4.5439,3.0895,2.5226,0,0,1
22,공주,MINOR,A,3,5,1,1.00,4.5439,3.0895,2.5226,0,0,1
22,공주,MINOR,A,3,5,1,1.25,4.5439,3.0895,2.5226,0,0,1
22,공주,MINOR,A,3,5,1,1.50,4.5439,3.0895,2.5226,0,0,1
22,공주,MINOR,A,3,5,1,1.75,4.5439,3.0895,2.5226,0,0,1
22,공주,MINOR,A,3,5,1,2.00,4.5439,3.0895,2.5226,0,0,1
22,공주,MINOR,A,3,5,1,3.00,4.5439,3.0895,2.5226,0,0,1
22,공주,MINOR,A,3,5,1,4.00,4.5439,3.0895,2.5226,0,0,1
22,공주,MINOR,A,3,5,1,8.00,4.5439,3.0895,2.5226,0,0,1
22,공주,MINOR,A,3,5,1,16.00,4.5439,3.0895,2.5226,0,0,1
23,공주,MINOR,B,1,6,2,0.00,5.6582,3.7278,3.7278,48,0,1
23,공주,MINOR,B,1,6,2,0.25,5.6582,4.6324,3.7278,0,0,4
23,공주,MINOR,B,1,6,2,0.50,5.6582,4.6324,3.7278,0,0,4
23,공주,MINOR,B,1,6,2,1.00,5.6582,4.6324,3.7278,0,0,4
23,공주,MINOR,B,1,6,2,1.25,5.6582,4.6324,3.7278,0,0,4
23,공주,MINOR,B,1,6,2,1.50,5.6582,4.6324,3.7278,0,0,4
23,공주,MINOR,B,1,6,2,1.75,5.6582,4.6324,3.7278,0,0,4
23,공주,MINOR,B,1,6,2,2.00,5.6582,4.6324,3.7278,0,0,4
23,공주,MINOR,B,1,6,2,3.00,5.6582,4.6324,3.7278,0,0,4
23,공주,MINOR,B,1,6,2,4.00,5.6582,4.6324,3.7278,0,0,4
23,공주,MINOR,B,1,6,2,8.00,5.6582,4.6324,3.7278,0,0,4
23,공주,MINOR,B,1,6,2,16.00,5.6582,4.6324,3.7278,0,0,4
23,공주,MINOR,B,2,5,1,0.00,2.5646,2.3873,2.3873,0,0,1
23,공주,MINOR,B,2,5,1,0.25,2.5646,2.3873,2.3873,0,0,1
23,공주,MINOR,B,2,5,1,0.50,2.5646,2.3873,2.3873,0,0,1
23,공주,MINOR,B,2,5,1,1.00,2.5646,2.3873,2.3873,0,0,1
23,공주,MINOR,B,2,5,1,1.25,2.5646,2.3873,2.3873,0,0,1
23,공주,MINOR,B,2,5,1,1.50,2.5646,2.3873,2.3873,0,0,1
23,공주,MINOR,B,2,5,1,1.75,2.5646,2.3873,2.3873,0,0,1
23,공주,MINOR,B,2,5,1,2.00,2.5646,2.3873,2.3873,0,0,1
23,공주,MINOR,B,2,5,1,3.00,2.5646,2.3873,2.3873,0,0,1
23,공주,MINOR,B,2,5,1,4.00,2.5646,2.3873,2.3873,0,0,1
23,공주,MINOR,B,2,5,1,8.00,2.5646,2.3873,2.3873,0,0,1
23,공주,MINOR,B,2,5,1,16.00,2.5646,2.3873,2.3873,0,0,1
23,공주,MINOR,B,3,6,2,0.00,24.0390,13.6970,13.6970,143,0,1
23,공주,MINOR,B,3,6,2,0.25,24.0390,16.2357,13.6970,0,0,3
23,공주,MINOR,B,3,6,2,0.50,24.0390,16.2357,13.6970,0,0,3
23,공주,MINOR,B,3,6,2,1.00,24.0390,16.2357,13.6970,0,0,3
23,공주,MINOR,B,3,6,2,1.25,24.0390,16.2357,13.6970,0,0,3
23,공주,MINOR,B,3,6,2,1.50,24.0390,16.2357,13.6970,0,0,3
23,공주,MINOR,B,3,6,2,1.75,24.0390,16.2357,13.6970,0,0,3
23,공주,MINOR,B,3,6,2,2.00,24.0390,16.2357,13.6970,0,0,3
23,공주,MINOR,B,3,6,2,3.00,24.0390,16.2357,13.6970,0,0,3
23,공주,MINOR,B,3,6,2,4.00,24.0390,16.2357,13.6970,0,0,3
23,공주,MINOR,B,3,6,2,8.00,24.0390,16.2357,13.6970,0,0,3
23,공주,MINOR,B,3,6,2,16.00,24.0390,16.2357,13.6970,0,0,3
24,공주,MINOR,C,1,6,2,0.00,2.6759,1.7439,1.7439,68,0,1
24,공주,MINOR,C,1,6,2,0.25,2.6759,1.9804,1.7439,0,0,2
24,공주,MINOR,C,1,6,2,0.50,2.6759,1.9804,1.7439,0,0,2
24,공주,MINOR,C,1,6,2,1.00,2.6759,1.9804,1.7439,0,0,2
24,공주,MINOR,C,1,6,2,1.25,2.6759,1.9804,1.7439,0,0,2
24,공주,MINOR,C,1,6,2,1.50,2.6759,1.9804,1.7439,0,0,2
24,공주,MINOR,C,1,6,2,1.75,2.6759,1.9804,1.7439,0,0,2
24,공주,MINOR,C,1,6,2,2.00,2.6759,1.9804,1.7439,0,0,2
24,공주,MINOR,C,1,6,2,3.00,2.6759,1.9804,1.7439,0,0,2
24,공주,MINOR,C,1,6,2,4.00,2.6759,1.9804,1.7439,0,0,2
24,공주,MINOR,C,1,6,2,8.00,2.6759,1.9804,1.7439,0,0,2
24,공주,MINOR,C,1,6,2,16.00,2.6759,1.9804,1.7439,0,0,2
24,공주,MINOR,C,2,5,1,0.00,2.1846,1.5114,1.5114,150,0,1
24,공주,MINOR,C,2,5,1,0.25,2.1846,2.1958,1.5114,0,0,1
24,공주,MINOR,C,2,5,1,0.50,2.1846,2.1958,1.5114,0,0,1
24,공주,MINOR,C,2,5,1,1.00,2.1846,2.1958,1.5114,0,0,1
24,공주,MINOR,C,2,5,1,1.25,2.1846,2.1958,1.5114,0,0,1
24,공주,MINOR,C,2,5,1,1.50,2.1846,2.1958,1.5114,0,0,1
24,공주,MINOR,C,2,5,1,1.75,2.1846,2.1958,1.5114,0,0,1
24,공주,MINOR,C,2,5,1,2.00,2.1846,2.1958,1.5114,0,0,1
24,공주,MINOR,C,2,5,1,3.00,2.1846,2.1958,1.5114,0,0,1
24,공주,MINOR,C,2,5,1,4.00,2.1846,2.1958,1.5114,0,0,1
24,공주,MINOR,C,2,5,1,8.00,2.1846,2.1958,1.5114,0,0,1
24,공주,MINOR,C,2,5,1,16.00,2.1846,2.1958,1.5114,0,0,1
24,공주,MINOR,C,3,6,2,0.00,7.2250,3.5382,3.5382,137,0,1
24,공주,MINOR,C,3,6,2,0.25,7.2250,4.3510,3.5382,0,0,1
24,공주,MINOR,C,3,6,2,0.50,7.2250,4.3510,3.5382,0,0,1
24,공주,MINOR,C,3,6,2,1.00,7.2250,4.3510,3.5382,0,0,1
24,공주,MINOR,C,3,6,2,1.25,7.2250,4.3510,3.5382,0,0,1
24,공주,MINOR,C,3,6,2,1.50,7.2250,4.3510,3.5382,0,0,1
24,공주,MINOR,C,3,6,2,1.75,7.2250,4.3510,3.5382,0,0,1
24,공주,MINOR,C,3,6,2,2.00,7.2250,4.3510,3.5382,0,0,1
24,공주,MINOR,C,3,6,2,3.00,7.2250,4.3510,3.5382,0,0,1
24,공주,MINOR,C,3,6,2,4.00,7.2250,4.3510,3.5382,0,0,1
24,공주,MINOR,C,3,6,2,8.00,7.2250,4.3510,3.5382,0,0,1
24,공주,MINOR,C,3,6,2,16.00,7.2250,4.3510,3.5382,0,0,1
25,통영,MINOR,A,1,6,2,0.00,1.4218,0.6468,0.6468,0,0,1
25,통영,MINOR,A,1,6,2,0.25,1.4218,0.6468,0.6468,0,0,1
25,통영,MINOR,A,1,6,2,0.50,1.4218,0.6468,0.6468,0,0,1
25,통영,MINOR,A,1,6,2,1.00,1.4218,0.6468,0.6468,0,0,1
25,통영,MINOR,A,1,6,2,1.25,1.4218,0.6468,0.6468,0,0,1
25,통영,MINOR,A,1,6,2,1.50,1.4218,0.6468,0.6468,0,0,1
25,통영,MINOR,A,1,6,2,1.75,1.4218,0.6468,0.6468,0,0,1
25,통영,MINOR,A,1,6,2,2.00,1.4218,0.6468,0.6468,0,0,1
25,통영,MINOR,A,1,6,2,3.00,1.4218,0.6468,0.6468,0,0,1
25,통영,MINOR,A,1,6,2,4.00,1.4218,0.6468,0.6468,0,0,1
25,통영,MINOR,A,1,6,2,8.00,1.4218,0.6468,0.6468,0,0,1
25,통영,MINOR,A,1,6,2,16.00,1.4218,0.6468,0.6468,0,0,1
25,통영,MINOR,A,2,6,2,0.00,6.7255,4.3243,4.3243,33,0,1
25,통영,MINOR,A,2,6,2,0.25,6.7255,5.0624,4.3243,0,0,1
25,통영,MINOR,A,2,6,2,0.50,6.7255,5.0624,4.3243,0,0,1
25,통영,MINOR,A,2,6,2,1.00,6.7255,5.0624,4.3243,0,0,1
25,통영,MINOR,A,2,6,2,1.25,6.7255,5.0624,4.3243,0,0,1
25,통영,MINOR,A,2,6,2,1.50,6.7255,5.0624,4.3243,0,0,1
25,통영,MINOR,A,2,6,2,1.75,6.7255,5.0624,4.3243,0,0,1
25,통영,MINOR,A,2,6,2,2.00,6.7255,5.0624,4.3243,0,0,1
25,통영,MINOR,A,2,6,2,3.00,6.7255,5.0624,4.3243,0,0,1
25,통영,MINOR,A,2,6,2,4.00,6.7255,5.0624,4.3243,0,0,1
25,통영,MINOR,A,2,6,2,8.00,6.7255,5.0624,4.3243,0,0,1
25,통영,MINOR,A,2,6,2,16.00,6.7255,5.0624,4.3243,0,0,1
25,통영,MINOR,A,3,6,2,0.00,7.5565,3.9434,3.9434,211,0,1
25,통영,MINOR,A,3,6,2,0.25,7.5565,4.7972,3.9434,0,1,3
25,통영,MINOR,A,3,6,2,0.50,7.5565,4.7972,3.9434,0,1,3
25,통영,MINOR,A,3,6,2,1.00,7.5565,4.7972,3.9434,0,1,3
25,통영,MINOR,A,3,6,2,1.25,7.5565,4.7972,3.9434,0,1,3
25,통영,MINOR,A,3,6,2,1.50,7.5565,4.7972,3.9434,0,1,3
25,통영,MINOR,A,3,6,2,1.75,7.5565,4.7972,3.9434,0,1,3
25,통영,MINOR,A,3,6,2,2.00,7.5565,4.7972,3.9434,0,1,3
25,통영,MINOR,A,3,6,2,3.00,7.5565,4.7972,3.9434,0,1,3
25,통영,MINOR,A,3,6,2,4.00,7.5565,4.7972,3.9434,0,1,3
25,통영,MINOR,A,3,6,2,8.00,7.5565,4.7972,3.9434,0,1,3
25,통영,MINOR,A,3,6,2,16.00,7.5565,4.7972,3.9434,0,1,3
26,통영,MINOR,B,1,6,2,0.00,4.5058,2.5763,2.5763,20,0,1
26,통영,MINOR,B,1,6,2,0.25,4.5058,2.7455,2.5763,0,0,2
26,통영,MINOR,B,1,6,2,0.50,4.5058,2.7455,2.5763,0,0,2
26,통영,MINOR,B,1,6,2,1.00,4.5058,2.7455,2.5763,0,0,2
26,통영,MINOR,B,1,6,2,1.25,4.5058,2.7455,2.5763,0,0,2
26,통영,MINOR,B,1,6,2,1.50,4.5058,2.7455,2.5763,0,0,2
26,통영,MINOR,B,1,6,2,1.75,4.5058,2.7455,2.5763,0,0,2
26,통영,MINOR,B,1,6,2,2.00,4.5058,2.7455,2.5763,0,0,2
26,통영,MINOR,B,1,6,2,3.00,4.5058,2.7455,2.5763,0,0,2
26,통영,MINOR,B,1,6,2,4.00,4.5058,2.7455,2.5763,0,0,2
26,통영,MINOR,B,1,6,2,8.00,4.5058,2.7455,2.5763,0,0,2
26,통영,MINOR,B,1,6,2,16.00,4.5058,2.7455,2.5763,0,0,2
26,통영,MINOR,B,2,5,1,0.00,25.5186,16.3428,16.3428,150,0,1
26,통영,MINOR,B,2,5,1,0.25,25.5186,17.4874,16.3428,0,0,1
26,통영,MINOR,B,2,5,1,0.50,25.5186,17.4874,16.3428,0,0,1
26,통영,MINOR,B,2,5,1,1.00,25.5186,17.4874,16.3428,0,0,1
26,통영,MINOR,B,2,5,1,1.25,25.5186,17.4874,16.3428,0,0,1
26,통영,MINOR,B,2,5,1,1.50,25.5186,17.4874,16.3428,0,0,1
26,통영,MINOR,B,2,5,1,1.75,25.5186,17.4874,16.3428,0,0,1
26,통영,MINOR,B,2,5,1,2.00,25.5186,17.4874,16.3428,0,0,1
26,통영,MINOR,B,2,5,1,3.00,25.5186,17.4874,16.3428,0,0,1
26,통영,MINOR,B,2,5,1,4.00,25.5186,17.4874,16.3428,0,0,1
26,통영,MINOR,B,2,5,1,8.00,25.5186,17.4874,16.3428,0,0,1
26,통영,MINOR,B,2,5,1,16.00,25.5186,17.4874,16.3428,0,0,1
26,통영,MINOR,B,3,4,0,0.00,7.2373,4.8256,4.8256,0,0,0
26,통영,MINOR,B,3,4,0,0.25,7.2373,4.8256,4.8256,0,0,0
26,통영,MINOR,B,3,4,0,0.50,7.2373,4.8256,4.8256,0,0,0
26,통영,MINOR,B,3,4,0,1.00,7.2373,4.8256,4.8256,0,0,0
26,통영,MINOR,B,3,4,0,1.25,7.2373,4.8256,4.8256,0,0,0
26,통영,MINOR,B,3,4,0,1.50,7.2373,4.8256,4.8256,0,0,0
26,통영,MINOR,B,3,4,0,1.75,7.2373,4.8256,4.8256,0,0,0
26,통영,MINOR,B,3,4,0,2.00,7.2373,4.8256,4.8256,0,0,0
26,통영,MINOR,B,3,4,0,3.00,7.2373,4.8256,4.8256,0,0,0
26,통영,MINOR,B,3,4,0,4.00,7.2373,4.8256,4.8256,0,0,0
26,통영,MINOR,B,3,4,0,8.00,7.2373,4.8256,4.8256,0,0,0
26,통영,MINOR,B,3,4,0,16.00,7.2373,4.8256,4.8256,0,0,0
27,통영,MINOR,C,1,6,2,0.00,2.2879,0.9500,0.9500,0,0,1
27,통영,MINOR,C,1,6,2,0.25,2.2879,0.9500,0.9500,0,0,1
27,통영,MINOR,C,1,6,2,0.50,2.2879,0.9500,0.9500,0,0,1
27,통영,MINOR,C,1,6,2,1.00,2.2879,0.9500,0.9500,0,0,1
27,통영,MINOR,C,1,6,2,1.25,2.2879,0.9500,0.9500,0,0,1
27,통영,MINOR,C,1,6,2,1.50,2.2879,0.9500,0.9500,0,0,1
27,통영,MINOR,C,1,6,2,1.75,2.2879,0.9500,0.9500,0,0,1
27,통영,MINOR,C,1,6,2,2.00,2.2879,0.9500,0.9500,0,0,1
27,통영,MINOR,C,1,6,2,3.00,2.2879,0.9500,0.9500,0,0,1
27,통영,MINOR,C,1,6,2,4.00,2.2879,0.9500,0.9500,0,0,1
27,통영,MINOR,C,1,6,2,8.00,2.2879,0.9500,0.9500,0,0,1
27,통영,MINOR,C,1,6,2,16.00,2.2879,0.9500,0.9500,0,0,1
27,통영,MINOR,C,2,6,2,0.00,8.3276,6.9536,6.9536,59,0,1
27,통영,MINOR,C,2,6,2,0.25,8.3276,7.5873,6.9536,0,0,2
27,통영,MINOR,C,2,6,2,0.50,8.3276,7.5873,6.9536,0,0,2
27,통영,MINOR,C,2,6,2,1.00,8.3276,7.5873,6.9536,0,0,2
27,통영,MINOR,C,2,6,2,1.25,8.3276,7.5873,6.9536,0,0,2
27,통영,MINOR,C,2,6,2,1.50,8.3276,7.5873,6.9536,0,0,2
27,통영,MINOR,C,2,6,2,1.75,8.3276,7.5873,6.9536,0,0,2
27,통영,MINOR,C,2,6,2,2.00,8.3276,7.5873,6.9536,0,0,2
27,통영,MINOR,C,2,6,2,3.00,8.3276,7.5873,6.9536,0,0,2
27,통영,MINOR,C,2,6,2,4.00,8.3276,7.5873,6.9536,0,0,2
27,통영,MINOR,C,2,6,2,8.00,8.3276,7.5873,6.9536,0,0,2
27,통영,MINOR,C,2,6,2,16.00,8.3276,7.5873,6.9536,0,0,2
27,통영,MINOR,C,3,5,1,0.00,5.4995,4.3714,4.3714,0,0,1
27,통영,MINOR,C,3,5,1,0.25,5.4995,4.3714,4.3714,0,0,1
27,통영,MINOR,C,3,5,1,0.50,5.4995,4.3714,4.3714,0,0,1
27,통영,MINOR,C,3,5,1,1.00,5.4995,4.3714,4.3714,0,0,1
27,통영,MINOR,C,3,5,1,1.25,5.4995,4.3714,4.3714,0,0,1
27,통영,MINOR,C,3,5,1,1.50,5.4995,4.3714,4.3714,0,0,1
27,통영,MINOR,C,3,5,1,1.75,5.4995,4.3714,4.3714,0,0,1
27,통영,MINOR,C,3,5,1,2.00,5.4995,4.3714,4.3714,0,0,1
27,통영,MINOR,C,3,5,1,3.00,5.4995,4.3714,4.3714,0,0,1
27,통영,MINOR,C,3,5,1,4.00,5.4995,4.3714,4.3714,0,0,1
27,통영,MINOR,C,3,5,1,8.00,5.4995,4.3714,4.3714,0,0,1
27,통영,MINOR,C,3,5,1,16.00,5.4995,4.3714,4.3714,0,0,1
28,삼척,MINOR,A,1,6,2,0.00,8.2786,4.1827,4.1827,139,0,0
28,삼척,MINOR,A,1,6,2,0.25,8.2786,4.7123,4.1827,0,0,4
28,삼척,MINOR,A,1,6,2,0.50,8.2786,4.7123,4.1827,0,0,4
28,삼척,MINOR,A,1,6,2,1.00,8.2786,4.7123,4.1827,0,0,4
28,삼척,MINOR,A,1,6,2,1.25,8.2786,4.7123,4.1827,0,0,4
28,삼척,MINOR,A,1,6,2,1.50,8.2786,4.7123,4.1827,0,0,4
28,삼척,MINOR,A,1,6,2,1.75,8.2786,4.7123,4.1827,0,0,4
28,삼척,MINOR,A,1,6,2,2.00,8.2786,4.7123,4.1827,0,0,4
28,삼척,MINOR,A,1,6,2,3.00,8.2786,4.7123,4.1827,0,0,4
28,삼척,MINOR,A,1,6,2,4.00,8.2786,4.7123,4.1827,0,0,4
28,삼척,MINOR,A,1,6,2,8.00,8.2786,4.7123,4.1827,0,0,4
28,삼척,MINOR,A,1,6,2,16.00,8.2786,4.7123,4.1827,0,0,4
28,삼척,MINOR,A,2,6,2,0.00,6.3615,3.8157,3.8157,12,0,1
28,삼척,MINOR,A,2,6,2,0.25,6.3615,4.1309,3.8157,0,0,2
28,삼척,MINOR,A,2,6,2,0.50,6.3615,4.1309,3.8157,0,0,2
28,삼척,MINOR,A,2,6,2,1.00,6.3615,4.1309,3.8157,0,0,2
28,삼척,MINOR,A,2,6,2,1.25,6.3615,4.1309,3.8157,0,0,2
28,삼척,MINOR,A,2,6,2,1.50,6.3615,4.1309,3.8157,0,0,2
28,삼척,MINOR,A,2,6,2,1.75,6.3615,4.1309,3.8157,0,0,2
28,삼척,MINOR,A,2,6,2,2.00,6.3615,4.1309,3.8157,0,0,2
28,삼척,MINOR,A,2,6,2,3.00,6.3615,4.1309,3.8157,0,0,2
28,삼척,MINOR,A,2,6,2,4.00,6.3615,4.1309,3.8157,0,0,2
28,삼척,MINOR,A,2,6,2,8.00,6.3615,4.1309,3.8157,0,0,2
28,삼척,MINOR,A,2,6,2,16.00,6.3615,4.1309,3.8157,0,0,2
28,삼척,MINOR,A,3,6,2,0.00,9.1581,4.7664,4.7664,39,0,1
28,삼척,MINOR,A,3,6,2,0.25,9.1581,5.2126,4.7664,0,0,1
28,삼척,MINOR,A,3,6,2,0.50,9.1581,5.2126,4.7664,0,0,1
28,삼척,MINOR,A,3,6,2,1.00,9.1581,5.2126,4.7664,0,0,1
28,삼척,MINOR,A,3,6,2,1.25,9.1581,5.2126,4.7664,0,0,1
28,삼척,MINOR,A,3,6,2,1.50,9.1581,5.2126,4.7664,0,0,1
28,삼척,MINOR,A,3,6,2,1.75,9.1581,5.2126,4.7664,0,0,1
28,삼척,MINOR,A,3,6,2,2.00,9.1581,5.2126,4.7664,0,0,1
28,삼척,MINOR,A,3,6,2,3.00,9.1581,5.2126,4.7664,0,0,1
28,삼척,MINOR,A,3,6,2,4.00,9.1581,5.2126,4.7664,0,0,1
28,삼척,MINOR,A,3,6,2,8.00,9.1581,5.2126,4.7664,0,0,1
28,삼척,MINOR,A,3,6,2,16.00,9.1581,5.2126,4.7664,0,0,1
29,삼척,MINOR,B,1,6,2,0.00,6.9346,4.6407,4.6407,194,0,1
29,삼척,MINOR,B,1,6,2,0.25,6.9346,5.7875,4.6407,0,1,2
29,삼척,MINOR,B,1,6,2,0.50,6.9346,5.7875,4.6407,0,1,2
29,삼척,MINOR,B,1,6,2,1.00,6.9346,5.7875,4.6407,0,1,2
29,삼척,MINOR,B,1,6,2,1.25,6.9346,5.7875,4.6407,0,1,2
29,삼척,MINOR,B,1,6,2,1.50,6.9346,5.7875,4.6407,0,1,2
29,삼척,MINOR,B,1,6,2,1.75,6.9346,5.7875,4.6407,0,1,2
29,삼척,MINOR,B,1,6,2,2.00,6.9346,5.7875,4.6407,0,1,2
29,삼척,MINOR,B,1,6,2,3.00,6.9346,5.7875,4.6407,0,1,2
29,삼척,MINOR,B,1,6,2,4.00,6.9346,5.7875,4.6407,0,1,2
29,삼척,MINOR,B,1,6,2,8.00,6.9346,5.7875,4.6407,0,1,2
29,삼척,MINOR,B,1,6,2,16.00,6.9346,5.7875,4.6407,0,1,2
29,삼척,MINOR,B,2,7,2,0.00,8.3864,4.5234,4.5234,144,0,2
29,삼척,MINOR,B,2,7,2,0.25,8.3864,4.7027,4.5234,0,0,4
29,삼척,MINOR,B,2,7,2,0.50,8.3864,4.7027,4.5234,0,0,4
29,삼척,MINOR,B,2,7,2,1.00,8.3864,4.7027,4.5234,0,0,4
29,삼척,MINOR,B,2,7,2,1.25,8.3864,4.7027,4.5234,0,0,4
29,삼척,MINOR,B,2,7,2,1.50,8.3864,4.7027,4.5234,0,0,4
29,삼척,MINOR,B,2,7,2,1.75,8.3864,4.7027,4.5234,0,0,4
29,삼척,MINOR,B,2,7,2,2.00,8.3864,4.7027,4.5234,0,0,4
29,삼척,MINOR,B,2,7,2,3.00,8.3864,4.7027,4.5234,0,0,4
29,삼척,MINOR,B,2,7,2,4.00,8.3864,4.7027,4.5234,0,0,4
29,삼척,MINOR,B,2,7,2,8.00,8.3864,4.7027,4.5234,0,0,4
29,삼척,MINOR,B,2,7,2,16.00,8.3864,4.7027,4.5234,0,0,4
29,삼척,MINOR,B,3,6,2,0.00,97.1379,50.5070,50.5070,213,0,1
29,삼척,MINOR,B,3,6,2,0.25,97.1379,50.9247,50.5070,51,0,2
29,삼척,MINOR,B,3,6,2,0.50,97.1379,50.9247,50.5070,51,0,2
29,삼척,MINOR,B,3,6,2,1.00,97.1379,51.0842,50.5070,50,1,3
29,삼척,MINOR,B,3,6,2,1.25,97.1379,64.0071,50.5070,0,0,2
29,삼척,MINOR,B,3,6,2,1.50,97.1379,64.0071,50.5070,0,0,2
29,삼척,MINOR,B,3,6,2,1.75,97.1379,64.0071,50.5070,0,0,2
29,삼척,MINOR,B,3,6,2,2.00,97.1379,64.0071,50.5070,0,0,2
29,삼척,MINOR,B,3,6,2,3.00,97.1379,64.0071,50.5070,0,0,2
29,삼척,MINOR,B,3,6,2,4.00,97.1379,64.0071,50.5070,0,0,2
29,삼척,MINOR,B,3,6,2,8.00,97.1379,64.0071,50.5070,0,0,2
29,삼척,MINOR,B,3,6,2,16.00,97.1379,64.0071,50.5070,0,0,2
30,삼척,MINOR,C,1,6,2,0.00,6.6843,2.7955,2.7955,218,0,0
30,삼척,MINOR,C,1,6,2,0.25,6.6843,3.8875,2.7955,0,0,3
30,삼척,MINOR,C,1,6,2,0.50,6.6843,3.8875,2.7955,0,0,3
30,삼척,MINOR,C,1,6,2,1.00,6.6843,3.8875,2.7955,0,0,3
30,삼척,MINOR,C,1,6,2,1.25,6.6843,3.8875,2.7955,0,0,3
30,삼척,MINOR,C,1,6,2,1.50,6.6843,3.8875,2.7955,0,0,3
30,삼척,MINOR,C,1,6,2,1.75,6.6843,3.8875,2.7955,0,0,3
30,삼척,MINOR,C,1,6,2,2.00,6.6843,3.8875,2.7955,0,0,3
30,삼척,MINOR,C,1,6,2,3.00,6.6843,3.8875,2.7955,0,0,3
30,삼척,MINOR,C,1,6,2,4.00,6.6843,3.8875,2.7955,0,0,3
30,삼척,MINOR,C,1,6,2,8.00,6.6843,3.8875,2.7955,0,0,3
30,삼척,MINOR,C,1,6,2,16.00,6.6843,3.8875,2.7955,0,0,3
30,삼척,MINOR,C,2,6,2,0.00,6.4855,3.7699,3.7699,136,0,1
30,삼척,MINOR,C,2,6,2,0.25,6.4855,4.2453,3.7699,0,0,3
30,삼척,MINOR,C,2,6,2,0.50,6.4855,4.2453,3.7699,0,0,3
30,삼척,MINOR,C,2,6,2,1.00,6.4855,4.2453,3.7699,0,0,3
30,삼척,MINOR,C,2,6,2,1.25,6.4855,4.2453,3.7699,0,0,3
30,삼척,MINOR,C,2,6,2,1.50,6.4855,4.2453,3.7699,0,0,3
30,삼척,MINOR,C,2,6,2,1.75,6.4855,4.2453,3.7699,0,0,3
30,삼척,MINOR,C,2,6,2,2.00,6.4855,4.2453,3.7699,0,0,3
30,삼척,MINOR,C,2,6,2,3.00,6.4855,4.2453,3.7699,0,0,3
30,삼척,MINOR,C,2,6,2,4.00,6.4855,4.2453,3.7699,0,0,3
30,삼척,MINOR,C,2,6,2,8.00,6.4855,4.2453,3.7699,0,0,3
30,삼척,MINOR,C,2,6,2,16.00,6.4855,4.2453,3.7699,0,0,3
30,삼척,MINOR,C,3,6,2,0.00,7.8516,4.8940,4.8940,213,0,1
30,삼척,MINOR,C,3,6,2,0.25,7.8516,4.8940,4.8940,0,0,1
30,삼척,MINOR,C,3,6,2,0.50,7.8516,4.8940,4.8940,0,0,1
30,삼척,MINOR,C,3,6,2,1.00,7.8516,4.8940,4.8940,0,0,1
30,삼척,MINOR,C,3,6,2,1.25,7.8516,4.8940,4.8940,0,0,1
30,삼척,MINOR,C,3,6,2,1.50,7.8516,4.8940,4.8940,0,0,1
30,삼척,MINOR,C,3,6,2,1.75,7.8516,4.8940,4.8940,0,0,1
30,삼척,MINOR,C,3,6,2,2.00,7.8516,4.8940,4.8940,0,0,1
30,삼척,MINOR,C,3,6,2,3.00,7.8516,4.8940,4.8940,0,0,1
30,삼척,MINOR,C,3,6,2,4.00,7.8516,4.8940,4.8940,0,0,1
30,삼척,MINOR,C,3,6,2,8.00,7.8516,4.8940,4.8940,0,0,1
30,삼척,MINOR,C,3,6,2,16.00,7.8516,4.8940,4.8940,0,0,1
