requestId,location,regionTier,keywordSet,day,placeIndex,placeName,slotType,latitude,longitude,source,dayStartTime,travelMode
1,경주,FAMOUS,A,1,0,경주 동부 사적지대,ATTRACTION,35.8354105,129.2179617,LISTED,10:00,WALK
1,경주,FAMOUS,A,1,1,경주대릉원,STROLL,35.8381327,129.2123207,SEEDED,10:00,WALK
1,경주,FAMOUS,A,1,2,료코,MEAL,35.8353096,129.2127623,SEEDED,10:00,WALK
1,경주,FAMOUS,A,1,3,양지다방,CAFE,35.8372696,129.2092062,SEEDED,10:00,WALK
1,경주,FAMOUS,A,1,4,무궁미가,SHOPPING,35.8388103,129.2092704,SEEDED,10:00,WALK
1,경주,FAMOUS,A,1,5,청온채,MEAL,35.8376216,129.2087986,SEEDED,10:00,WALK
1,경주,FAMOUS,A,2,0,경주 문무대왕릉,ATTRACTION,35.7381432,129.4868299,LISTED,09:00,WALK
1,경주,FAMOUS,A,2,1,월정교,STROLL,35.8293658,129.2173527,SEEDED,09:00,WALK
1,경주,FAMOUS,A,2,2,교촌삼백년집 경주본점,MEAL,35.8304061,129.2157683,SEEDED,09:00,WALK
1,경주,FAMOUS,A,2,3,교촌마을,EXPERIENCE,35.8302886,129.2164809,SEEDED,09:00,WALK
1,경주,FAMOUS,A,2,4,교촌가람,CAFE,35.8301741,129.2156291,SEEDED,09:00,WALK
1,경주,FAMOUS,A,2,5,향화정,MEAL,35.8380096,129.2091926,SUGGESTED,09:00,WALK
1,경주,FAMOUS,A,3,0,관광역사공원,STROLL,35.8525750,129.2702914,SEEDED,08:30,WALK
1,경주,FAMOUS,A,3,1,보문정(경주),VIEWPOINT,35.8413251,129.2892803,LISTED,08:30,WALK
1,경주,FAMOUS,A,3,2,맷돌순두부,MEAL,35.8515229,129.2628250,SEEDED,08:30,WALK
1,경주,FAMOUS,A,3,3,구릉,CAFE,35.8526848,129.2649228,SEEDED,08:30,WALK
1,경주,FAMOUS,A,3,4,경주레저,EXPERIENCE,35.8490616,129.2654073,SEEDED,08:30,WALK
1,경주,FAMOUS,A,3,5,효은옥 경주분점,MEAL,35.8525130,129.2647527,SEEDED,08:30,WALK
2,경주,FAMOUS,B,1,0,보문정(경주),ATTRACTION,35.8413251,129.2892803,LISTED,09:30,CAR
2,경주,FAMOUS,B,1,1,보문호,STROLL,35.8458819,129.2751380,SEEDED,09:30,CAR
2,경주,FAMOUS,B,1,2,아빠피자 한화리조트경주점,MEAL,35.8594326,129.2699018,SEEDED,09:30,CAR
2,경주,FAMOUS,B,1,3,엘로우,CAFE,35.8450628,129.2719235,SEEDED,09:30,CAR
2,경주,FAMOUS,B,1,4,분황사 청보리밭,VIEWPOINT,35.8404658,129.2334241,LISTED,09:30,CAR
2,경주,FAMOUS,B,1,5,우마왕 경주본점,MEAL,35.8428658,129.2542505,SEEDED,09:30,CAR
2,경주,FAMOUS,B,2,0,불국사,ATTRACTION,35.7903819,129.3318695,SEEDED,09:00,CAR
2,경주,FAMOUS,B,2,1,토함산,STROLL,35.7893821,129.3507820,LISTED,09:00,CAR
2,경주,FAMOUS,B,2,2,자연애곤드레 경주불국사본점,MEAL,35.7974813,129.3128244,SEEDED,09:00,CAR
2,경주,FAMOUS,B,2,3,카페 아래헌,CAFE,35.8000005,129.3133094,SEEDED,09:00,CAR
2,경주,FAMOUS,B,2,4,경주 향수공방 버비아 불국사점,EXPERIENCE,35.7842308,129.3254531,SEEDED,09:00,CAR
2,경주,FAMOUS,B,2,5,자연밥상 불국사,MEAL,35.7693234,129.3099226,SEEDED,09:00,CAR
2,경주,FAMOUS,B,3,0,송대말 등대,ATTRACTION,35.8080470,129.5115785,LISTED,08:30,CAR
2,경주,FAMOUS,B,3,1,감포정,VIEWPOINT,35.8365156,129.5121793,SEEDED,08:30,CAR
2,경주,FAMOUS,B,3,2,갈매기횟집,MEAL,35.7459733,129.4867082,SEEDED,08:30,CAR
2,경주,FAMOUS,B,3,3,해파랑길11코스,STROLL,35.7522169,129.4922661,SEEDED,08:30,CAR
2,경주,FAMOUS,B,3,4,커피다루다,CAFE,35.7614427,129.4930431,SEEDED,08:30,CAR
2,경주,FAMOUS,B,3,5,푸른바다회센타,MEAL,35.8042600,129.5044990,SEEDED,08:30,CAR
3,경주,FAMOUS,C,1,0,경주대릉원,ATTRACTION,35.8381327,129.2123207,SEEDED,09:30,WALK
3,경주,FAMOUS,C,1,1,포석로 소갈비찜,MEAL,35.8359027,129.2118391,SEEDED,09:30,WALK
3,경주,FAMOUS,C,1,2,더안,CAFE,35.8288115,129.2023515,SEEDED,09:30,WALK
3,경주,FAMOUS,C,1,3,향미사,SHOPPING,35.8391197,129.2083769,SEEDED,09:30,WALK
3,경주,FAMOUS,C,1,4,청온채,MEAL,35.8376216,129.2087986,SEEDED,09:30,WALK
3,경주,FAMOUS,C,1,5,경주 금리단길,STROLL,35.8420236,129.2148313,LISTED,09:30,WALK
3,경주,FAMOUS,C,2,0,경주동궁원,STROLL,35.8497687,129.2627204,SEEDED,09:00,WALK
3,경주,FAMOUS,C,2,1,경주루지월드,EXPERIENCE,35.8445031,129.2891009,SEEDED,09:00,WALK
3,경주,FAMOUS,C,2,2,올바릇식당 경주점,MEAL,35.8472389,129.2802123,SEEDED,09:00,WALK
3,경주,FAMOUS,C,2,3,엘로우,CAFE,35.8450628,129.2719235,SEEDED,09:00,WALK
3,경주,FAMOUS,C,2,4,신라왕경숲,VIEWPOINT,35.8399687,129.2388625,LISTED,09:00,WALK
3,경주,FAMOUS,C,2,5,낙지마실,MEAL,35.8516092,129.2629585,SEEDED,09:00,WALK
3,경주,FAMOUS,C,3,0,불국사,ATTRACTION,35.7903819,129.3318695,SEEDED,08:00,WALK
3,경주,FAMOUS,C,3,1,경주 향수공방 버비아 불국사점,EXPERIENCE,35.7842308,129.3254531,SEEDED,08:00,WALK
3,경주,FAMOUS,C,3,2,늘봄,MEAL,35.7938680,129.3129599,SEEDED,08:00,WALK
3,경주,FAMOUS,C,3,3,카페 아래헌,CAFE,35.8000005,129.3133094,SEEDED,08:00,WALK
3,경주,FAMOUS,C,3,4,경주 장항리 서 오층석탑,STROLL,35.7749119,129.3730360,LISTED,08:00,WALK
3,경주,FAMOUS,C,3,5,콩이랑,MEAL,35.7927692,129.3128863,SEEDED,08:00,WALK
4,부산,FAMOUS,A,1,0,민락수변공원,STROLL,35.1549132,129.1343514,SEEDED,10:00,WALK
4,부산,FAMOUS,A,1,1,조개대표 광안본점,MEAL,35.1498913,129.1153155,SEEDED,10:00,WALK
4,부산,FAMOUS,A,1,2,카페오뜨 광안비치점,CAFE,35.1527816,129.1176048,SEEDED,10:00,WALK
4,부산,FAMOUS,A,1,3,농축산마트 광안쌍용점,SHOPPING,35.1556555,129.1163781,SEEDED,10:00,WALK
4,부산,FAMOUS,A,1,4,호텔 아쿠아펠리스 스카이 전망대&스카이 워크,VIEWPOINT,35.1540069,129.1187461,SEEDED,10:00,WALK
4,부산,FAMOUS,A,1,5,광안리 산해횟집,MEAL,35.1550331,129.1316917,SEEDED,10:00,WALK
4,부산,FAMOUS,A,2,0,해운대해수욕장,STROLL,35.1581445,129.1583542,SEEDED,09:30,WALK
4,부산,FAMOUS,A,2,1,해목 해운대점,MEAL,35.1617881,129.1596414,SEEDED,09:30,WALK
4,부산,FAMOUS,A,2,2,듀플릿 부산 해운대 해리단길점,CAFE,35.1643072,129.1576167,SEEDED,09:30,WALK
4,부산,FAMOUS,A,2,3,부산엑스더스카이,ATTRACTION,35.1599502,129.1697687,SEEDED,09:30,WALK
4,부산,FAMOUS,A,2,4,다이소 부산해운대장산본점,SHOPPING,35.1690288,129.1748203,SEEDED,09:30,WALK
4,부산,FAMOUS,A,2,5,브라운핸즈 오아제부산,MEAL,35.1589027,129.1705501,SEEDED,09:30,WALK
4,부산,FAMOUS,A,3,0,흰여울문화마을,ATTRACTION,35.0798603,129.0434588,SEEDED,10:00,WALK
4,부산,FAMOUS,A,3,1,부산갈맷길4코스1구간시작인증대,STROLL,35.0814073,129.0411651,SEEDED,10:00,WALK
4,부산,FAMOUS,A,3,2,해로,MEAL,35.0829601,129.0414760,SEEDED,10:00,WALK
4,부산,FAMOUS,A,3,3,헤일르,CAFE,35.0789266,129.0445419,SEEDED,10:00,WALK
4,부산,FAMOUS,A,3,4,이송도전망대,VIEWPOINT,35.0755291,129.0479410,SEEDED,10:00,WALK
4,부산,FAMOUS,A,3,5,삼진어묵 본점,MEAL,35.0928975,129.0427403,SEEDED,10:00,WALK
5,부산,FAMOUS,B,1,0,서암항남방파제등대,ATTRACTION,35.2138102,129.2236141,SEEDED,09:30,CAR
5,부산,FAMOUS,B,1,1,고향연화,MEAL,35.2172826,129.2246349,SEEDED,09:30,CAR
5,부산,FAMOUS,B,1,2,오랑대,STROLL,35.2035548,129.2298485,SEEDED,09:30,CAR
5,부산,FAMOUS,B,1,3,덕미 기장점,CAFE,35.1964129,129.2278018,SEEDED,09:30,CAR
5,부산,FAMOUS,B,1,4,학리항(학리방파제),VIEWPOINT,35.2599730,129.2477531,LISTED,09:30,CAR
5,부산,FAMOUS,B,1,5,대도횟집,MEAL,35.2205561,129.2273385,SEEDED,09:30,CAR
5,부산,FAMOUS,B,2,0,태종대,ATTRACTION,35.0537840,129.0860410,SEEDED,09:00,CAR
5,부산,FAMOUS,B,2,1,태종대 욜로조개구이,MEAL,35.0613861,129.0768627,SEEDED,09:00,CAR
5,부산,FAMOUS,B,2,2,감지해변산책로,STROLL,35.0603516,129.0715574,SEEDED,09:00,CAR
5,부산,FAMOUS,B,2,3,태종대자갈마당,EXPERIENCE,35.0533833,129.0899876,SEEDED,09:00,CAR
5,부산,FAMOUS,B,2,4,태종대전망대,VIEWPOINT,35.0504319,129.0882401,SEEDED,09:00,CAR
5,부산,FAMOUS,B,2,5,영도해녀촌,MEAL,35.0669998,129.0659916,SEEDED,09:00,CAR
5,부산,FAMOUS,B,3,0,다대포해수욕장,ATTRACTION,35.0471271,128.9632341,SEEDED,10:00,CAR
5,부산,FAMOUS,B,3,1,통영산꼼장어,MEAL,35.0465467,128.9685685,SEEDED,10:00,CAR
5,부산,FAMOUS,B,3,2,남파랑길4코스,STROLL,35.0671472,128.9676521,SEEDED,10:00,CAR
5,부산,FAMOUS,B,3,3,이지요661,CAFE,35.0473823,128.9688394,SEEDED,10:00,CAR
5,부산,FAMOUS,B,3,4,아미산전망대,VIEWPOINT,35.0526890,128.9608234,SEEDED,10:00,CAR
5,부산,FAMOUS,B,3,5,화로우 다대포점,MEAL,35.0597047,128.9815087,SEEDED,10:00,CAR
6,부산,FAMOUS,C,1,0,해운대해수욕장,STROLL,35.1581445,129.1583542,SEEDED,10:00,WALK
6,부산,FAMOUS,C,1,1,요트탈래,EXPERIENCE,35.1566217,129.1520976,LISTED,10:00,WALK
6,부산,FAMOUS,C,1,2,더파티 프리미엄 해운대점,MEAL,35.1602156,129.1666037,SEEDED,10:00,WALK
6,부산,FAMOUS,C,1,3,부산엑스더스카이,ATTRACTION,35.1599502,129.1697687,SEEDED,10:00,WALK
6,부산,FAMOUS,C,1,4,빙동댕 프리미엄 빙수카페 해운대점,CAFE,35.1657024,129.1691864,SEEDED,10:00,WALK
6,부산,FAMOUS,C,1,5,해목 해운대점,MEAL,35.1617881,129.1596414,SEEDED,10:00,WALK
6,부산,FAMOUS,C,2,0,광안리해변 테마거리,STROLL,35.1551658,129.1221363,LISTED,09:30,WALK
6,부산,FAMOUS,C,2,1,광안리 SUP Zone,EXPERIENCE,35.1477387,129.1146733,LISTED,09:30,WALK
6,부산,FAMOUS,C,2,2,램바란스 프리미엄 광안본점,MEAL,35.1552208,129.1340933,SEEDED,09:30,WALK
6,부산,FAMOUS,C,2,3,페로어페로 광안리점,CAFE,35.1482225,129.1140930,SEEDED,09:30,WALK
6,부산,FAMOUS,C,2,4,호텔 아쿠아펠리스 스카이 전망대&스카이 워크,VIEWPOINT,35.1540069,129.1187461,SEEDED,09:30,WALK
6,부산,FAMOUS,C,2,5,조개대표 광안본점,MEAL,35.1498913,129.1153155,SEEDED,09:30,WALK
6,부산,FAMOUS,C,3,0,자갈치 크루즈,ATTRACTION,35.0967262,129.0317125,LISTED,09:00,WALK
6,부산,FAMOUS,C,3,1,아이스토어 롯데백화점 광복점,SHOPPING,35.0978173,129.0366766,SEEDED,09:00,WALK
6,부산,FAMOUS,C,3,2,홍유단 남포본점,MEAL,35.0984709,129.0321042,SEEDED,09:00,WALK
6,부산,FAMOUS,C,3,3,부산타워,STROLL,35.1010769,129.0323421,SEEDED,09:00,WALK
6,부산,FAMOUS,C,3,4,퀵스텝 부산점,EXPERIENCE,35.0988951,129.0354423,SEEDED,09:00,WALK
6,부산,FAMOUS,C,3,5,18번완당집,MEAL,35.0989309,129.0284922,SEEDED,09:00,WALK
7,제주,FAMOUS,A,1,0,제주목 관아,ATTRACTION,33.5140021,126.5218052,SEEDED,10:00,WALK
7,제주,FAMOUS,A,1,1,용담해안도로,STROLL,33.5155784,126.5121043,LISTED,10:00,WALK
7,제주,FAMOUS,A,1,2,숲제주,MEAL,33.5138284,126.5190139,SEEDED,10:00,WALK
7,제주,FAMOUS,A,1,3,무슈부부커피스탠드 관덕정,CAFE,33.5129799,126.5215911,SEEDED,10:00,WALK
7,제주,FAMOUS,A,1,4,빅포켓,SHOPPING,33.5129237,126.5214323,SEEDED,10:00,WALK
7,제주,FAMOUS,A,2,0,성산일출봉 [유네스코 세계자연유산],ATTRACTION,33.4581111,126.9415156,LISTED,08:30,WALK
7,제주,FAMOUS,A,2,1,제주 성산항,VIEWPOINT,33.4725482,126.9299218,LISTED,08:30,WALK
7,제주,FAMOUS,A,2,2,성산바다풍경 제주성산일출봉점,MEAL,33.4647271,126.9358393,SEEDED,08:30,WALK
7,제주,FAMOUS,A,2,3,식산봉,STROLL,33.4656811,126.9199394,SEEDED,08:30,WALK
7,제주,FAMOUS,A,2,4,카페더라이트,CAFE,33.4656639,126.9359915,SEEDED,08:30,WALK
7,제주,FAMOUS,A,2,5,흑돈쭐 제주성산일출봉점,MEAL,33.4654944,126.9354758,SEEDED,08:30,WALK
7,제주,FAMOUS,A,3,0,천지연폭포,ATTRACTION,33.2469679,126.5544249,SEEDED,09:30,WALK
7,제주,FAMOUS,A,3,1,하영올레1코스,STROLL,33.2449343,126.5593718,SEEDED,09:30,WALK
7,제주,FAMOUS,A,3,2,기흥어물,MEAL,33.2483930,126.5630299,SEEDED,09:30,WALK
7,제주,FAMOUS,A,3,3,블라썸꽃이피다 서귀포점,CAFE,33.2429198,126.5546784,SEEDED,09:30,WALK
7,제주,FAMOUS,A,3,4,선임교,VIEWPOINT,33.2470560,126.5547484,LISTED,09:30,WALK
7,제주,FAMOUS,A,3,5,먹고정 서귀포올레시장본점,MEAL,33.2472284,126.5624387,SEEDED,09:30,WALK
8,제주,FAMOUS,B,1,0,성산일출봉 [유네스코 세계자연유산],ATTRACTION,33.4581111,126.9415156,LISTED,09:30,CAR
8,제주,FAMOUS,B,1,1,금돗 성산흑돼지,MEAL,33.4652247,126.9325257,SEEDED,09:30,CAR
8,제주,FAMOUS,B,1,2,광치기해변,STROLL,33.4511713,126.9243828,SEEDED,09:30,CAR
8,제주,FAMOUS,B,1,3,서귀피안 베이커리,CAFE,33.4352519,126.9219377,SEEDED,09:30,CAR
8,제주,FAMOUS,B,1,4,제주 글라스하우스,VIEWPOINT,33.4291281,126.9340141,LISTED,09:30,CAR
8,제주,FAMOUS,B,1,5,코코마마 성산점,MEAL,33.4610411,126.9342912,SEEDED,09:30,CAR
8,제주,FAMOUS,B,2,0,천제연폭포,ATTRACTION,33.2526560,126.4184295,LISTED,09:00,CAR
8,제주,FAMOUS,B,2,1,고집돌우럭 중문점,MEAL,33.2579999,126.4166927,SEEDED,09:00,CAR
8,제주,FAMOUS,B,2,2,대포주상절리,STROLL,33.2389326,126.4264985,LISTED,09:00,CAR
8,제주,FAMOUS,B,2,3,별내린전망대,VIEWPOINT,33.2476600,126.4167880,SEEDED,09:00,CAR
8,제주,FAMOUS,B,2,4,더클리프,CAFE,33.2444575,126.4149290,SEEDED,09:00,CAR
8,제주,FAMOUS,B,2,5,국수바다 서귀포본점,MEAL,33.2529794,126.4472165,SEEDED,09:00,CAR
8,제주,FAMOUS,B,3,0,한림공원,ATTRACTION,33.3886660,126.2415557,LISTED,09:30,CAR
8,제주,FAMOUS,B,3,1,안녕협재씨 제주점,MEAL,33.3978506,126.2434885,SEEDED,09:30,CAR
8,제주,FAMOUS,B,3,2,협재해수욕장,STROLL,33.3937765,126.2394419,LISTED,09:30,CAR
8,제주,FAMOUS,B,3,3,호텔샌드,CAFE,33.3939524,126.2405259,SEEDED,09:30,CAR
8,제주,FAMOUS,B,3,4,해거름전망대,VIEWPOINT,33.3702664,126.2062312,SEEDED,09:30,CAR
8,제주,FAMOUS,B,3,5,명랑스낵,MEAL,33.4091814,126.2588117,SEEDED,09:30,CAR
9,제주,FAMOUS,C,1,0,제주목 관아,ATTRACTION,33.5140021,126.5218052,SEEDED,10:00,WALK
9,제주,FAMOUS,C,1,1,문희 제주본점,MEAL,33.5062971,126.5238993,SEEDED,10:00,WALK
9,제주,FAMOUS,C,1,2,청춘이오란다 동문시장본점 탑동,CAFE,33.5122084,126.5270275,SEEDED,10:00,WALK
9,제주,FAMOUS,C,1,3,제로포인트트레일,EXPERIENCE,33.5147677,126.5292195,LISTED,10:00,WALK
9,제주,FAMOUS,C,1,4,용연,STROLL,33.5152118,126.5139125,LISTED,10:00,WALK
9,제주,FAMOUS,C,2,0,하영올레1코스,STROLL,33.2449343,126.5593718,SEEDED,08:30,WALK
9,제주,FAMOUS,C,2,1,천지연폭포,ATTRACTION,33.2469679,126.5544249,SEEDED,08:30,WALK
9,제주,FAMOUS,C,2,2,나운터 횟집 서귀포올레시장본점,MEAL,33.2410213,126.5613722,SEEDED,08:30,WALK
9,제주,FAMOUS,C,2,3,코지다이브 스쿠버다이빙,EXPERIENCE,33.2423653,126.5543833,SEEDED,08:30,WALK
9,제주,FAMOUS,C,2,4,라바르,CAFE,33.2458309,126.5617753,SEEDED,08:30,WALK
9,제주,FAMOUS,C,2,5,먹고정 서귀포올레시장본점,MEAL,33.2472284,126.5624387,SEEDED,08:30,WALK
9,제주,FAMOUS,C,3,0,곽지해수욕장,VIEWPOINT,33.4485353,126.3031046,LISTED,09:00,WALK
9,제주,FAMOUS,C,3,1,바구스서핑스쿨 애월점,EXPERIENCE,33.4515134,126.3070282,SEEDED,09:00,WALK
9,제주,FAMOUS,C,3,2,훈도 애월흑돼지 본점,MEAL,33.4622000,126.3123506,SEEDED,09:00,WALK
9,제주,FAMOUS,C,3,3,한담해안산책로,STROLL,33.4590382,126.3105110,SEEDED,09:00,WALK
9,제주,FAMOUS,C,3,4,레이지펌프,CAFE,33.4662685,126.3095403,SEEDED,09:00,WALK
9,제주,FAMOUS,C,3,5,문개어멍,MEAL,33.4857711,126.3924908,SEEDED,09:00,WALK
10,서울,FAMOUS,A,1,0,백인제가옥,ATTRACTION,37.5804694,126.9841423,LISTED,09:30,WALK
10,서울,FAMOUS,A,1,1,수성동계곡,STROLL,37.5822799,126.9631997,LISTED,09:30,WALK
10,서울,FAMOUS,A,1,2,황생가칼국수,MEAL,37.5801317,126.9806900,SEEDED,09:30,WALK
10,서울,FAMOUS,A,1,3,카페 수달,CAFE,37.5766924,126.9844135,SEEDED,09:30,WALK
10,서울,FAMOUS,A,1,4,북촌전망대,VIEWPOINT,37.5830942,126.9827729,SEEDED,09:30,WALK
10,서울,FAMOUS,A,1,5,콩지POT지,MEAL,37.5788262,126.9843199,SEEDED,09:30,WALK
10,서울,FAMOUS,A,2,0,창덕궁 낙선재,ATTRACTION,37.5777032,126.9902446,LISTED,10:00,WALK
10,서울,FAMOUS,A,2,1,다이소 안국역2호점,SHOPPING,37.5762754,126.9844118,SEEDED,10:00,WALK
10,서울,FAMOUS,A,2,2,라멘 보루도 종묘 서순라길 본점,MEAL,37.5756029,126.9911446,SEEDED,10:00,WALK
10,서울,FAMOUS,A,2,3,한옥찻집,CAFE,37.5747333,126.9847424,SEEDED,10:00,WALK
10,서울,FAMOUS,A,2,4,종묘,STROLL,37.5758018,126.9939555,SEEDED,10:00,WALK
10,서울,FAMOUS,A,2,5,조금,MEAL,37.5753433,126.9836360,SEEDED,10:00,WALK
10,서울,FAMOUS,A,3,0,서울숲,STROLL,37.5419644,127.0385663,SEEDED,09:00,WALK
10,서울,FAMOUS,A,3,1,서울 살곶이 다리,VIEWPOINT,37.5537847,127.0459875,LISTED,09:00,WALK
10,서울,FAMOUS,A,3,2,진작다이닝 성수점,MEAL,37.5493520,127.0457186,SEEDED,09:00,WALK
10,서울,FAMOUS,A,3,3,커스텀필름 성수 셀프사진관,EXPERIENCE,37.5487853,127.0459325,SEEDED,09:00,WALK
10,서울,FAMOUS,A,3,4,포레스트 서울숲,CAFE,37.5467992,127.0407312,SEEDED,09:00,WALK
10,서울,FAMOUS,A,3,5,타코튜즈데이 성수 본점,MEAL,37.5467382,127.0455685,SEEDED,09:00,WALK
11,서울,FAMOUS,B,1,0,서울숲,STROLL,37.5419644,127.0385663,SEEDED,09:30,CAR
11,서울,FAMOUS,B,1,1,뚝섬문화예술공원,ATTRACTION,37.5458925,127.0399805,SEEDED,09:30,CAR
11,서울,FAMOUS,B,1,2,오뜨로 성수,MEAL,37.5438991,127.0465584,SEEDED,09:30,CAR
11,서울,FAMOUS,B,1,3,자연도소금빵in 성수,CAFE,37.5423260,127.0555087,SEEDED,09:30,CAR
11,서울,FAMOUS,B,1,4,웰빙마트 성수점,SHOPPING,37.5495256,127.0478566,SEEDED,09:30,CAR
11,서울,FAMOUS,B,1,5,타코튜즈데이 성수 본점,MEAL,37.5467382,127.0455685,SEEDED,09:30,CAR
11,서울,FAMOUS,B,2,0,초안산수국동산,STROLL,37.6297456,127.0473231,SEEDED,09:00,CAR
11,서울,FAMOUS,B,2,1,북서울꿈의숲,ATTRACTION,37.6233355,127.0407343,SEEDED,09:00,CAR
11,서울,FAMOUS,B,2,2,떡볶이심리학,MEAL,37.6076530,127.0513573,SEEDED,09:00,CAR
11,서울,FAMOUS,B,2,3,자연노리 요리노리 체험교실,EXPERIENCE,37.6200908,127.0535126,SEEDED,09:00,CAR
11,서울,FAMOUS,B,2,4,드림피크닉,CAFE,37.6222669,127.0378313,SEEDED,09:00,CAR
11,서울,FAMOUS,B,2,5,맥도날드 서울번동DT점,MEAL,37.6211878,127.0452758,SEEDED,09:00,CAR
11,서울,FAMOUS,B,3,0,하늘공원,ATTRACTION,37.5675623,126.8850630,SEEDED,09:30,CAR
11,서울,FAMOUS,B,3,1,난지천공원,STROLL,37.5725158,126.8870625,LISTED,09:30,CAR
11,서울,FAMOUS,B,3,2,핵밥 상암MBC점,MEAL,37.5815668,126.8885584,SEEDED,09:30,CAR
11,서울,FAMOUS,B,3,3,난지한강공원,VIEWPOINT,37.5630252,126.8851546,LISTED,09:30,CAR
11,서울,FAMOUS,B,3,4,뉴욕베이글&피자 상암본점,CAFE,37.5780796,126.8936562,SEEDED,09:30,CAR
11,서울,FAMOUS,B,3,5,와이키키마켓,MEAL,37.5589079,126.8886523,SEEDED,09:30,CAR
12,서울,FAMOUS,C,1,0,인사동,ATTRACTION,37.5754616,126.9835231,LISTED,09:30,WALK
12,서울,FAMOUS,C,1,1,종묘,STROLL,37.5758018,126.9939555,SEEDED,09:30,WALK
12,서울,FAMOUS,C,1,2,일품당 프리미엄,MEAL,37.5727753,126.9740516,SEEDED,09:30,WALK
12,서울,FAMOUS,C,1,3,런닝맨 인사동점,EXPERIENCE,37.5718987,126.9872482,SEEDED,09:30,WALK
12,서울,FAMOUS,C,1,4,인사동찻집,CAFE,37.5735298,126.9854645,SEEDED,09:30,WALK
12,서울,FAMOUS,C,1,5,오케이아트,SHOPPING,37.5732098,126.9866994,SEEDED,09:30,WALK
12,서울,FAMOUS,C,1,6,지수담음,MEAL,37.5605624,126.9920160,SEEDED,09:30,WALK
12,서울,FAMOUS,C,2,0,성수연방,STROLL,37.5417141,127.0568785,LISTED,10:00,WALK
12,서울,FAMOUS,C,2,1,커스텀필름 성수 셀프사진관,EXPERIENCE,37.5487853,127.0459325,SEEDED,10:00,WALK
12,서울,FAMOUS,C,2,2,카츠메,MEAL,37.5460555,127.0434078,SEEDED,10:00,WALK
12,서울,FAMOUS,C,2,3,반스 성수점,SHOPPING,37.5443233,127.0530237,SEEDED,10:00,WALK
12,서울,FAMOUS,C,2,4,플레이즈라운지,CAFE,37.5457261,127.0423333,SEEDED,10:00,WALK
12,서울,FAMOUS,C,2,5,서울숲,ATTRACTION,37.5419644,127.0385663,SEEDED,10:00,WALK
12,서울,FAMOUS,C,2,6,타코튜즈데이 성수 본점,MEAL,37.5467382,127.0455685,SEEDED,10:00,WALK
12,서울,FAMOUS,C,3,0,여의도 이랜드크루즈,ATTRACTION,37.5248981,126.9380601,SEEDED,09:00,WALK
12,서울,FAMOUS,C,3,1,한강레져스포츠,EXPERIENCE,37.5258888,126.9384175,LISTED,09:00,WALK
12,서울,FAMOUS,C,3,2,정돈프리미엄 더현대 서울점,MEAL,37.5258393,126.9280067,SEEDED,09:00,WALK
12,서울,FAMOUS,C,3,3,63 스카이피크닉,VIEWPOINT,37.5198212,126.9403446,SEEDED,09:00,WALK
12,서울,FAMOUS,C,3,4,여의도샛강생태공원,STROLL,37.5187727,126.9219609,LISTED,09:00,WALK
12,서울,FAMOUS,C,3,5,바이러닉 에스프레소바 여의도63점,CAFE,37.5194128,126.9386367,SEEDED,09:00,WALK
12,서울,FAMOUS,C,3,6,현선이네 프리미엄 IFC몰점,MEAL,37.5241142,126.9253224,SEEDED,09:00,WALK
13,강릉,FAMOUS,A,1,0,남항진해변,STROLL,37.7644426,128.9547743,SEEDED,10:00,WALK
13,강릉,FAMOUS,A,1,1,브라보칼국수 강릉본점,MEAL,37.7743566,128.9443386,SEEDED,10:00,WALK
13,강릉,FAMOUS,A,1,2,보사노바 커피로스터스 강릉점,CAFE,37.7720879,128.9478338,SEEDED,10:00,WALK
13,강릉,FAMOUS,A,1,3,사근진해변,VIEWPOINT,37.8128825,128.8990719,SEEDED,10:00,WALK
13,강릉,FAMOUS,A,1,4,알루캡코리아 강원,SHOPPING,37.7654787,128.9280985,SEEDED,10:00,WALK
13,강릉,FAMOUS,A,1,5,동화가든,MEAL,37.7911413,128.9146632,SUGGESTED,10:00,WALK
13,강릉,FAMOUS,A,2,0,경포해변,STROLL,37.8054952,128.9082081,SEEDED,09:00,WALK
13,강릉,FAMOUS,A,2,1,나상명강릉초당순두부,MEAL,37.7912231,128.9150025,SEEDED,09:00,WALK
13,강릉,FAMOUS,A,2,2,[강릉 바우길 5구간] 바다 호숫길,EXPERIENCE,37.8296093,128.8792076,LISTED,09:00,WALK
13,강릉,FAMOUS,A,2,3,카페 툇마루,CAFE,37.7928911,128.9144756,SEEDED,09:00,WALK
13,강릉,FAMOUS,A,2,4,경포호수광장,ATTRACTION,37.7977914,128.9095225,LISTED,09:00,WALK
13,강릉,FAMOUS,A,2,5,초당비스트로,MEAL,37.7878908,128.9104834,SEEDED,09:00,WALK
13,강릉,FAMOUS,A,3,0,월화거리,ATTRACTION,37.7560515,128.8973035,SEEDED,10:00,WALK
13,강릉,FAMOUS,A,3,1,강릉 맛애정,MEAL,37.7619094,128.9006001,SEEDED,10:00,WALK
13,강릉,FAMOUS,A,3,2,소소한 행복 월화거리 소품샵,SHOPPING,37.7536323,128.9003399,SEEDED,10:00,WALK
13,강릉,FAMOUS,A,3,3,월화정,CAFE,37.7539629,128.8999975,SEEDED,10:00,WALK
13,강릉,FAMOUS,A,3,4,강릉향교,STROLL,37.7635562,128.8952470,LISTED,10:00,WALK
14,강릉,FAMOUS,B,1,0,경포가시연습지,ATTRACTION,37.7889554,128.8969292,SEEDED,09:00,CAR
14,강릉,FAMOUS,B,1,1,경포해변,STROLL,37.8054952,128.9082081,SEEDED,09:00,CAR
14,강릉,FAMOUS,B,1,2,강릉짬뽕순두부 동화가든 본점,MEAL,37.7911711,128.9146711,SEEDED,09:00,CAR
14,강릉,FAMOUS,B,1,3,테라로사 경포호수점,CAFE,37.7878403,128.9074930,SEEDED,09:00,CAR
14,강릉,FAMOUS,B,1,4,사근진해중공원 전망대,VIEWPOINT,37.8128827,128.8990643,SEEDED,09:00,CAR
14,강릉,FAMOUS,B,1,5,영동횟집,MEAL,37.7965500,128.9166430,SEEDED,09:00,CAR
14,강릉,FAMOUS,B,2,0,주문진해수욕장,ATTRACTION,37.9110006,128.8192463,SEEDED,09:30,CAR
14,강릉,FAMOUS,B,2,1,주문리마을,EXPERIENCE,37.8927016,128.8273333,SEEDED,09:30,CAR
14,강릉,FAMOUS,B,2,2,강릉최대게 본점,MEAL,37.8894424,128.8281253,SEEDED,09:30,CAR
14,강릉,FAMOUS,B,2,3,카페제니엘 주문진점,CAFE,37.8943822,128.8338689,SEEDED,09:30,CAR
14,강릉,FAMOUS,B,2,4,강릉신대게나라,MEAL,37.8853247,128.8284926,SEEDED,09:30,CAR
14,강릉,FAMOUS,B,3,0,발왕산 기 스카이워크,VIEWPOINT,37.6438681,128.6789300,SEEDED,08:30,CAR
14,강릉,FAMOUS,B,3,1,올림픽아리바우길5코스,STROLL,37.6578124,128.7415465,SEEDED,08:30,CAR
14,강릉,FAMOUS,B,3,2,대관령자연휴양림,ATTRACTION,37.7096522,128.7870593,SEEDED,08:30,CAR
14,강릉,FAMOUS,B,3,3,대관령자연애,MEAL,37.6714761,128.7097291,SEEDED,08:30,CAR
14,강릉,FAMOUS,B,3,4,이진리커피하우스,CAFE,37.6624644,128.6646030,SEEDED,08:30,CAR
14,강릉,FAMOUS,B,3,5,평창한우마을 대관령점,MEAL,37.6799009,128.7021685,SEEDED,08:30,CAR
15,강릉,FAMOUS,C,1,0,월화거리,ATTRACTION,37.7560515,128.8973035,SEEDED,10:00,WALK
15,강릉,FAMOUS,C,1,1,엄지네포장마차 본점,MEAL,37.7663424,128.9070154,SEEDED,10:00,WALK
15,강릉,FAMOUS,C,1,2,레이저어택,EXPERIENCE,37.7620198,128.9012331,SEEDED,10:00,WALK
15,강릉,FAMOUS,C,1,3,빙동댕 프리미엄 빙수카페 강릉점,CAFE,37.7578450,128.8927051,SEEDED,10:00,WALK
15,강릉,FAMOUS,C,1,4,홈플러스 강릉점,SHOPPING,37.7557128,128.8987439,SEEDED,10:00,WALK
15,강릉,FAMOUS,C,1,5,배니닭강정,MEAL,37.7542324,128.8991435,SEEDED,10:00,WALK
15,강릉,FAMOUS,C,2,0,남항진해변,STROLL,37.7644426,128.9547743,SEEDED,09:00,WALK
15,강릉,FAMOUS,C,2,1,삼교리동치미막국수 남항진점,MEAL,37.7655797,128.9526014,SEEDED,09:00,WALK
15,강릉,FAMOUS,C,2,2,55베이킹스튜디오,EXPERIENCE,37.7800076,128.9159045,SEEDED,09:00,WALK
15,강릉,FAMOUS,C,2,3,보사노바 커피로스터스 강릉점,CAFE,37.7720879,128.9478338,SEEDED,09:00,WALK
15,강릉,FAMOUS,C,2,4,강릉항여객터미널,VIEWPOINT,37.7728923,128.9528860,LISTED,09:00,WALK
15,강릉,FAMOUS,C,2,5,초당할머니순두부,MEAL,37.7905547,128.9153961,SUGGESTED,09:00,WALK
15,강릉,FAMOUS,C,3,0,경포호,STROLL,37.7979330,128.9048623,SEEDED,08:30,WALK
15,강릉,FAMOUS,C,3,1,강릉선교장,ATTRACTION,37.7866796,128.8851259,SEEDED,08:30,WALK
15,강릉,FAMOUS,C,3,2,강릉짬뽕순두부 동화가든 본점,MEAL,37.7911711,128.9146711,SEEDED,08:30,WALK
15,강릉,FAMOUS,C,3,3,강릉메타버스체험관,EXPERIENCE,37.7898211,128.9080207,SEEDED,08:30,WALK
15,강릉,FAMOUS,C,3,4,사근진해중공원 전망대,VIEWPOINT,37.8128827,128.8990643,SEEDED,08:30,WALK
15,강릉,FAMOUS,C,3,5,초당훈이순두부짬뽕,MEAL,37.7919652,128.9136226,SEEDED,08:30,WALK
16,순천,MINOR,A,1,0,순천 문화의거리,STROLL,34.9546923,127.4827571,LISTED,10:00,WALK
16,순천,MINOR,A,1,1,순천시립 그림책 도서관,ATTRACTION,34.9573559,127.4863540,LISTED,10:00,WALK
16,순천,MINOR,A,1,2,덕수파스타 순천 직영점,MEAL,34.9683526,127.5237830,SEEDED,10:00,WALK
16,순천,MINOR,A,1,3,라망드마망,CAFE,34.9531226,127.4863735,SEEDED,10:00,WALK
16,순천,MINOR,A,1,4,이마트 순천점,SHOPPING,34.9426097,127.5083553,SEEDED,10:00,WALK
16,순천,MINOR,A,1,5,나나방콕 순천호수공원점,MEAL,34.9689466,127.5254011,SEEDED,10:00,WALK
16,순천,MINOR,A,2,0,순천만국가정원,ATTRACTION,34.9273063,127.5084156,SEEDED,09:00,WALK
16,순천,MINOR,A,2,1,조례호수공원,STROLL,34.9660833,127.5220340,LISTED,09:00,WALK
16,순천,MINOR,A,2,2,순천호탄집 오천지구점,MEAL,34.9321077,127.4958839,SEEDED,09:00,WALK
16,순천,MINOR,A,2,3,순천의 계절,CAFE,34.9246863,127.4934405,SEEDED,09:00,WALK
16,순천,MINOR,A,2,4,순천만습지,VIEWPOINT,34.8852266,127.5093719,SEEDED,09:00,WALK
16,순천,MINOR,A,2,5,강동일식,MEAL,34.9252795,127.4941438,SEEDED,09:00,WALK
16,순천,MINOR,A,3,0,순천 낙안읍성,ATTRACTION,34.9064463,127.3416564,SEEDED,09:00,WALK
16,순천,MINOR,A,3,1,낙안돌탑공원,STROLL,34.9069592,127.3462203,LISTED,09:00,WALK
16,순천,MINOR,A,3,2,최대감벌교꼬막,MEAL,34.9049525,127.3437331,SEEDED,09:00,WALK
16,순천,MINOR,A,3,3,낙안읍성큰샘민박,EXPERIENCE,34.9066214,127.3390165,SEEDED,09:00,WALK
16,순천,MINOR,A,3,4,카페로와,CAFE,34.9051978,127.3435186,SEEDED,09:00,WALK
16,순천,MINOR,A,3,5,전망좋은곳,VIEWPOINT,34.9209596,127.3377000,SEEDED,09:00,WALK
17,순천,MINOR,B,1,0,순천만국가정원,ATTRACTION,34.9273063,127.5084156,SEEDED,09:30,CAR
17,순천,MINOR,B,1,1,조례호수공원,STROLL,34.9660833,127.5220340,LISTED,09:30,CAR
17,순천,MINOR,B,1,2,미도자연산회,MEAL,34.9314191,127.4959173,SEEDED,09:30,CAR
17,순천,MINOR,B,1,3,순천의 계절,CAFE,34.9246863,127.4934405,SEEDED,09:30,CAR
17,순천,MINOR,B,1,4,순천만국가정원 테라피가든,EXPERIENCE,34.9272265,127.5066747,SEEDED,09:30,CAR
17,순천,MINOR,B,1,5,순천호탄집 오천지구점,MEAL,34.9321077,127.4958839,SEEDED,09:30,CAR
17,순천,MINOR,B,2,0,순천만습지,ATTRACTION,34.8852266,127.5093719,SEEDED,10:00,CAR
17,순천,MINOR,B,2,1,남파랑길61-1코스(우회),STROLL,34.8842166,127.4990593,SEEDED,10:00,CAR
17,순천,MINOR,B,2,2,밥꽃이야기 들마루,MEAL,34.8876881,127.5073547,SEEDED,10:00,CAR
17,순천,MINOR,B,2,3,순천만 용산전망대,VIEWPOINT,34.8729855,127.5193185,SUGGESTED,10:00,CAR
17,순천,MINOR,B,2,4,만대재,CAFE,34.8883585,127.5087459,SEEDED,10:00,CAR
17,순천,MINOR,B,2,5,순천만명품식당,MEAL,34.8873510,127.5081633,SEEDED,10:00,CAR
17,순천,MINOR,B,3,0,순천 낙안읍성,ATTRACTION,34.9064463,127.3416564,SEEDED,09:00,CAR
17,순천,MINOR,B,3,1,낙안돌탑공원,STROLL,34.9069592,127.3462203,LISTED,09:00,CAR
17,순천,MINOR,B,3,2,최대감벌교꼬막,MEAL,34.9049525,127.3437331,SEEDED,09:00,CAR
17,순천,MINOR,B,3,3,낙안전통가옥체험장,EXPERIENCE,34.9082143,127.3389623,SEEDED,09:00,CAR
17,순천,MINOR,B,3,4,전망좋은곳,VIEWPOINT,34.9209596,127.3377000,SEEDED,09:00,CAR
18,순천,MINOR,C,1,0,순천 문화의거리,ATTRACTION,34.9546923,127.4827571,LISTED,09:30,WALK
18,순천,MINOR,C,1,1,돈미품 프리미엄숙성삼겹 순천점,MEAL,34.9519103,127.5098877,SEEDED,09:30,WALK
18,순천,MINOR,C,1,2,봉화산무장애나눔길,STROLL,34.9542855,127.4973060,SEEDED,09:30,WALK
18,순천,MINOR,C,1,3,순솝 sunsoap,EXPERIENCE,34.9476518,127.5041938,SEEDED,09:30,WALK
18,순천,MINOR,C,1,4,브루웍스,CAFE,34.9472602,127.4983931,SEEDED,09:30,WALK
18,순천,MINOR,C,1,5,맥도날드 순천덕암DT점,MEAL,34.9415471,127.5088970,SEEDED,09:30,WALK
18,순천,MINOR,C,2,0,순천만국가정원,ATTRACTION,34.9273063,127.5084156,SEEDED,09:00,WALK
18,순천,MINOR,C,2,1,용산전망대,STROLL,34.8730493,127.5193227,LISTED,09:00,WALK
18,순천,MINOR,C,2,2,순천호탄집 오천지구점,MEAL,34.9321077,127.4958839,SEEDED,09:00,WALK
18,순천,MINOR,C,2,3,순천만국가정원 테라피가든,EXPERIENCE,34.9272265,127.5066747,SEEDED,09:00,WALK
18,순천,MINOR,C,2,4,조훈모과자점 팔마점,CAFE,34.9369810,127.5132715,SEEDED,09:00,WALK
18,순천,MINOR,C,2,5,밥팜 순천만정원점,MEAL,34.9324554,127.4945125,SEEDED,09:00,WALK
18,순천,MINOR,C,3,0,순천 낙안읍성,ATTRACTION,34.9064463,127.3416564,SEEDED,08:30,WALK
18,순천,MINOR,C,3,1,낙안전통가옥체험장,EXPERIENCE,34.9082143,127.3389623,SEEDED,08:30,WALK
18,순천,MINOR,C,3,2,최대감벌교꼬막,MEAL,34.9049525,127.3437331,SEEDED,08:30,WALK
18,순천,MINOR,C,3,3,현부자네 집,STROLL,34.8498629,127.3530490,LISTED,08:30,WALK
18,순천,MINOR,C,3,4,카페로와,CAFE,34.9051978,127.3435186,SEEDED,08:30,WALK
19,영주,MINOR,A,1,0,소백산 자락길,STROLL,36.8232138,128.6168975,SEEDED,10:00,WALK
19,영주,MINOR,A,1,1,영주향교,ATTRACTION,36.8308834,128.6293323,LISTED,10:00,WALK
19,영주,MINOR,A,1,2,본죽 경북영주점,MEAL,36.8231164,128.6250925,SEEDED,10:00,WALK
19,영주,MINOR,A,1,3,엘레강스커피,CAFE,36.8257722,128.6203082,SEEDED,10:00,WALK
19,영주,MINOR,A,1,4,흑석사,STROLL,36.8229491,128.6716560,SUGGESTED,10:00,WALK
19,영주,MINOR,A,2,0,영주 풍기 인삼축제,ATTRACTION,36.8682857,128.5223391,SEEDED,09:00,WALK
19,영주,MINOR,A,2,1,장생이녹색체험마을,EXPERIENCE,36.8956939,128.5300250,SEEDED,09:00,WALK
19,영주,MINOR,A,2,2,풍기 한결청국장,MEAL,36.8733452,128.5244168,SEEDED,09:00,WALK
19,영주,MINOR,A,2,3,고구맘 풍기역점,CAFE,36.8726794,128.5237502,SEEDED,09:00,WALK
19,영주,MINOR,A,2,4,죽계구곡,VIEWPOINT,36.9421493,128.5269243,LISTED,09:00,WALK
19,영주,MINOR,A,3,0,소수서원,ATTRACTION,36.9239285,128.5789835,SEEDED,08:30,WALK
19,영주,MINOR,A,3,1,소백산자락길1코스,STROLL,36.9347795,128.5411690,SEEDED,08:30,WALK
19,영주,MINOR,A,3,2,순흥전통묵집,MEAL,36.9134136,128.5751528,SEEDED,08:30,WALK
19,영주,MINOR,A,3,3,연화 카페,CAFE,36.9204300,128.5743798,SEEDED,08:30,WALK
19,영주,MINOR,A,3,4,영주 순흥 벽화 고분,VIEWPOINT,36.9129117,128.5657716,LISTED,08:30,WALK
20,영주,MINOR,B,1,0,소수서원,ATTRACTION,36.9239285,128.5789835,SEEDED,09:30,CAR
20,영주,MINOR,B,1,1,소백산자락길1코스,STROLL,36.9347795,128.5411690,SEEDED,09:30,CAR
20,영주,MINOR,B,1,2,선비촌종가집,MEAL,36.9270808,128.5815658,SEEDED,09:30,CAR
20,영주,MINOR,B,1,3,카페휴,CAFE,36.9284735,128.5834337,SEEDED,09:30,CAR
20,영주,MINOR,B,1,4,선비촌,EXPERIENCE,36.9275795,128.5820674,SEEDED,09:30,CAR
20,영주,MINOR,B,2,0,부석사,ATTRACTION,36.9986007,128.6873224,SEEDED,09:00,CAR
20,영주,MINOR,B,2,1,소백산자락길9코스,STROLL,37.0264337,128.7004338,SEEDED,09:00,CAR
20,영주,MINOR,B,2,2,부석사식당,MEAL,36.9952008,128.6816781,SEEDED,09:00,CAR
20,영주,MINOR,B,2,3,선달산(봉화),VIEWPOINT,37.0390500,128.7095245,LISTED,09:00,CAR
20,영주,MINOR,B,2,4,카페 마카다,CAFE,36.9948988,128.6805464,SEEDED,09:00,CAR
20,영주,MINOR,B,3,0,영주호용마루공원,STROLL,36.7289181,128.6726925,LISTED,09:30,CAR
20,영주,MINOR,B,3,1,영주 무섬외나무다리축제,ATTRACTION,36.7309272,128.6217540,SEEDED,09:30,CAR
20,영주,MINOR,B,3,2,무섬식당,MEAL,36.7329918,128.6212705,SEEDED,09:30,CAR
20,영주,MINOR,B,3,3,무섬마을,EXPERIENCE,36.7319929,128.6213875,SEEDED,09:30,CAR
20,영주,MINOR,B,3,4,영주댐전망대,VIEWPOINT,36.7320431,128.6744795,SEEDED,09:30,CAR
21,영주,MINOR,C,1,0,소수서원,ATTRACTION,36.9239285,128.5789835,SEEDED,09:30,WALK
21,영주,MINOR,C,1,1,선비촌,EXPERIENCE,36.9275795,128.5820674,SEEDED,09:30,WALK
21,영주,MINOR,C,1,2,선비촌종가집,MEAL,36.9270808,128.5815658,SEEDED,09:30,WALK
21,영주,MINOR,C,1,3,연화 카페,CAFE,36.9204300,128.5743798,SEEDED,09:30,WALK
21,영주,MINOR,C,1,4,죽계구곡,STROLL,36.9421493,128.5269243,LISTED,09:30,WALK
21,영주,MINOR,C,2,0,구성공원,ATTRACTION,36.8227231,128.6208471,LISTED,10:00,WALK
21,영주,MINOR,C,2,1,나드리,MEAL,36.8233666,128.6248467,SUGGESTED,10:00,WALK
21,영주,MINOR,C,2,2,선비세상,EXPERIENCE,36.9309040,128.5854480,SEEDED,10:00,WALK
21,영주,MINOR,C,2,3,정글밥,CAFE,36.8258141,128.6202657,SEEDED,10:00,WALK
21,영주,MINOR,C,2,4,하나로마트 안정농협로컬푸드직매장,SHOPPING,36.8208532,128.6057233,SEEDED,10:00,WALK
21,영주,MINOR,C,2,5,중앙분식,MEAL,36.8262571,128.6257002,SUGGESTED,10:00,WALK
21,영주,MINOR,C,3,0,부석사,ATTRACTION,36.9986007,128.6873224,SEEDED,08:30,WALK
21,영주,MINOR,C,3,1,소백산자락길9코스,STROLL,37.0264337,128.7004338,SEEDED,08:30,WALK
21,영주,MINOR,C,3,2,부석사식당,MEAL,36.9952008,128.6816781,SEEDED,08:30,WALK
21,영주,MINOR,C,3,3,선달산(봉화),VIEWPOINT,37.0390500,128.7095245,LISTED,08:30,WALK
21,영주,MINOR,C,3,4,카페 마카다,CAFE,36.9948988,128.6805464,SEEDED,08:30,WALK
22,공주,MINOR,A,1,0,공산성연지,ATTRACTION,36.4639481,127.1284157,LISTED,10:00,WALK
22,공주,MINOR,A,1,1,공주왕도심1코스,STROLL,36.4581104,127.1214512,SEEDED,10:00,WALK
22,공주,MINOR,A,1,2,개성집 공주점,MEAL,36.4635339,127.1225050,SEEDED,10:00,WALK
22,공주,MINOR,A,1,3,고마커피,CAFE,36.4660007,127.1222387,SEEDED,10:00,WALK
22,공주,MINOR,A,1,4,공주산성시장,SHOPPING,36.4575705,127.1236341,SEEDED,10:00,WALK
22,공주,MINOR,A,1,5,시장정육점식당,MEAL,36.4658673,127.1222369,SEEDED,10:00,WALK
22,공주,MINOR,A,2,0,공주무령왕릉과왕릉원,ATTRACTION,36.4630908,127.1144131,SEEDED,09:00,WALK
22,공주,MINOR,A,2,1,공주 정지산 유적,STROLL,36.4695139,127.1175999,LISTED,09:00,WALK
22,공주,MINOR,A,2,2,곰골식당,MEAL,36.4517894,127.1206246,SEEDED,09:00,WALK
22,공주,MINOR,A,2,3,공주 고마나루,ATTRACTION,36.4706420,127.1070238,SUGGESTED,09:00,WALK
22,공주,MINOR,A,2,4,로컬커피,CAFE,36.4586708,127.1183204,SEEDED,09:00,WALK
22,공주,MINOR,A,2,5,장순루,MEAL,36.3593027,127.1429034,SUGGESTED,09:00,WALK
22,공주,MINOR,A,3,0,금강신관공원,STROLL,36.4702918,127.1275545,LISTED,10:00,WALK
22,공주,MINOR,A,3,1,명국삼장비,VIEWPOINT,36.4610457,127.1293157,LISTED,10:00,WALK
22,공주,MINOR,A,3,2,화양반점,MEAL,36.4749020,127.1402282,SEEDED,10:00,WALK
22,공주,MINOR,A,3,3,금강둔치공원 공영 주차장,CAFE,36.4667530,127.1323403,SEEDED,10:00,WALK
22,공주,MINOR,A,3,4,다이소 공주신관점,SHOPPING,36.4715228,127.1327592,SEEDED,10:00,WALK
23,공주,MINOR,B,1,0,공산성 임류각지,ATTRACTION,36.4609331,127.1306282,SEEDED,09:30,CAR
23,공주,MINOR,B,1,1,공주왕도심1코스,STROLL,36.4581104,127.1214512,SEEDED,09:30,CAR
23,공주,MINOR,B,1,2,개성집 공주점,MEAL,36.4635339,127.1225050,SEEDED,09:30,CAR
23,공주,MINOR,B,1,3,베이커리 밤마을,CAFE,36.4647566,127.1230132,SEEDED,09:30,CAR
23,공주,MINOR,B,1,4,연미산 자연미술공원,VIEWPOINT,36.4736049,127.1026206,LISTED,09:30,CAR
23,공주,MINOR,B,1,5,시장정육점식당,MEAL,36.4658673,127.1222369,SEEDED,09:30,CAR
23,공주,MINOR,B,2,0,동학사계곡,STROLL,36.3559423,127.2315053,SEEDED,08:00,CAR
23,공주,MINOR,B,2,1,계룡산국립공원 동학사야영장,ATTRACTION,36.3578231,127.2419158,SEEDED,08:00,CAR
23,공주,MINOR,B,2,2,계룡닭갈비막국수,MEAL,36.3579677,127.2531759,SEEDED,08:00,CAR
23,공주,MINOR,B,2,3,이준기도예공방,EXPERIENCE,36.3612647,127.2542226,SEEDED,08:00,CAR
23,공주,MINOR,B,2,4,라루체,CAFE,36.3597239,127.2526401,SEEDED,08:00,CAR
23,공주,MINOR,B,3,0,공주 고마나루,STROLL,36.4687083,127.1063454,LISTED,09:00,CAR
23,공주,MINOR,B,3,1,청벽산,VIEWPOINT,36.4285677,127.2209362,LISTED,09:00,CAR
23,공주,MINOR,B,3,2,피탕김탕,MEAL,36.4782512,127.1396164,SEEDED,09:00,CAR
23,공주,MINOR,B,3,3,프린세스캠핑장,EXPERIENCE,36.4766216,127.1242852,LISTED,09:00,CAR
23,공주,MINOR,B,3,4,금강신관공원2자전거대여소,CAFE,36.4667161,127.1332181,SEEDED,09:00,CAR
23,공주,MINOR,B,3,5,롯데리아 공주신관점,MEAL,36.4731037,127.1408189,SEEDED,09:00,CAR
24,공주,MINOR,C,1,0,개성집 공주점,MEAL,36.4635339,127.1225050,SEEDED,09:30,WALK
24,공주,MINOR,C,1,1,공산성 쌍수정,ATTRACTION,36.4622597,127.1256673,SEEDED,09:30,WALK
24,공주,MINOR,C,1,2,고마공방,EXPERIENCE,36.4540207,127.1248450,SEEDED,09:30,WALK
24,공주,MINOR,C,1,3,공주왕도심1코스,STROLL,36.4581104,127.1214512,SEEDED,09:30,WALK
24,공주,MINOR,C,1,4,베이커리 밤마을,CAFE,36.4647566,127.1230132,SEEDED,09:30,WALK
24,공주,MINOR,C,1,5,시장정육점식당,MEAL,36.4658673,127.1222369,SEEDED,09:30,WALK
24,공주,MINOR,C,2,0,곰골식당,MEAL,36.4517894,127.1206246,SEEDED,09:00,WALK
24,공주,MINOR,C,2,1,공주무령왕릉과왕릉원,ATTRACTION,36.4630908,127.1144131,SEEDED,09:00,WALK
24,공주,MINOR,C,2,2,로컬공방,EXPERIENCE,36.4582767,127.1178711,SEEDED,09:00,WALK
24,공주,MINOR,C,2,3,로컬커피,CAFE,36.4586708,127.1183204,SEEDED,09:00,WALK
24,공주,MINOR,C,2,4,공주향교,STROLL,36.4583569,127.1168864,LISTED,09:00,WALK
24,공주,MINOR,C,3,0,피탕김탕,MEAL,36.4782512,127.1396164,SEEDED,10:00,WALK
24,공주,MINOR,C,3,1,픽시투어,EXPERIENCE,36.4723355,127.1336149,SEEDED,10:00,WALK
24,공주,MINOR,C,3,2,금강신관공원,VIEWPOINT,36.4702918,127.1275545,LISTED,10:00,WALK
24,공주,MINOR,C,3,3,메타세콰이어길,STROLL,36.4931476,127.1352143,LISTED,10:00,WALK
24,공주,MINOR,C,3,4,다이소 공주신관점,SHOPPING,36.4715228,127.1327592,SEEDED,10:00,WALK
24,공주,MINOR,C,3,5,롯데리아 공주신관점,MEAL,36.4731037,127.1408189,SEEDED,10:00,WALK
25,통영,MINOR,A,1,0,강구안,STROLL,34.8436463,128.4242054,LISTED,10:00,WALK
25,통영,MINOR,A,1,1,김춘수생가,ATTRACTION,34.8443905,128.4283859,SEEDED,10:00,WALK
25,통영,MINOR,A,1,2,동피랑쭈굴,MEAL,34.8444989,128.4272590,SEEDED,10:00,WALK
25,통영,MINOR,A,1,3,강구안에깡다방9,CAFE,34.8436286,128.4235650,SEEDED,10:00,WALK
25,통영,MINOR,A,1,4,통영활어시장,SHOPPING,34.8449486,128.4256624,SEEDED,10:00,WALK
25,통영,MINOR,A,1,5,통영게장맛집 강구식당,MEAL,34.8424238,128.4236401,SEEDED,10:00,WALK
25,통영,MINOR,A,2,0,평인 노을길,STROLL,34.8440401,128.3918666,LISTED,09:30,WALK
25,통영,MINOR,A,2,1,봉평동지석묘,ATTRACTION,34.8327918,128.4175230,LISTED,09:30,WALK
25,통영,MINOR,A,2,2,아뮤제,MEAL,34.8329426,128.4139875,SEEDED,09:30,WALK
25,통영,MINOR,A,2,3,돌샘길,CAFE,34.8226668,128.4158191,SEEDED,09:30,WALK
25,통영,MINOR,A,2,4,충무교와 통영운하,VIEWPOINT,34.8344720,128.4094209,LISTED,09:30,WALK
25,통영,MINOR,A,2,5,장방식당,MEAL,34.8325519,128.4218706,SEEDED,09:30,WALK
25,통영,MINOR,A,3,0,달아공원,VIEWPOINT,34.7682376,128.3993124,LISTED,10:30,WALK
25,통영,MINOR,A,3,1,척포항,STROLL,34.7651911,128.4216049,LISTED,10:30,WALK
25,통영,MINOR,A,3,2,달아정해식당,MEAL,34.7687370,128.4069256,SEEDED,10:30,WALK
25,통영,MINOR,A,3,3,통영767카페,CAFE,34.7700117,128.4075491,SEEDED,10:30,WALK
25,통영,MINOR,A,3,4,연명어촌체험휴양마을,EXPERIENCE,34.7813412,128.3947287,SEEDED,10:30,WALK
25,통영,MINOR,A,3,5,달아한식당,MEAL,34.7657646,128.4099651,SEEDED,10:30,WALK
26,통영,MINOR,B,1,0,통영게장맛집 강구식당,MEAL,34.8424238,128.4236401,SEEDED,10:00,CAR
26,통영,MINOR,B,1,1,강구안,ATTRACTION,34.8436463,128.4242054,LISTED,10:00,CAR
26,통영,MINOR,B,1,2,서피랑공원,STROLL,34.8440961,128.4210029,LISTED,10:00,CAR
26,통영,MINOR,B,1,3,강구안에깡다방9,CAFE,34.8436286,128.4235650,SEEDED,10:00,CAR
26,통영,MINOR,B,1,4,도남항 동방파제 등대,VIEWPOINT,34.8286370,128.4337078,LISTED,10:00,CAR
26,통영,MINOR,B,1,5,훈이시락국,MEAL,34.8412756,128.4194132,SUGGESTED,10:00,CAR
26,통영,MINOR,B,2,0,해미락,MEAL,34.8262425,128.4322842,SEEDED,09:00,CAR
26,통영,MINOR,B,2,1,달아공원,ATTRACTION,34.7682376,128.3993124,LISTED,09:00,CAR
26,통영,MINOR,B,2,2,당포항,STROLL,34.7937983,128.3820771,LISTED,09:00,CAR
26,통영,MINOR,B,2,3,카페배양장,CAFE,34.8360557,128.3418523,SEEDED,09:00,CAR
26,통영,MINOR,B,2,4,달아전망대,VIEWPOINT,34.7686696,128.4000917,SEEDED,09:00,CAR
26,통영,MINOR,B,3,0,미래사 편백나무숲,ATTRACTION,34.8043867,128.4209790,LISTED,08:30,CAR
26,통영,MINOR,B,3,1,통영요트학교,EXPERIENCE,34.8282121,128.4349605,LISTED,08:30,CAR
26,통영,MINOR,B,3,2,해안누리길24코스,STROLL,34.8105649,128.4409665,SEEDED,08:30,CAR
26,통영,MINOR,B,3,3,미륵산(통영),VIEWPOINT,34.8108359,128.4162237,LISTED,08:30,CAR
27,통영,MINOR,C,1,0,동피랑마을,ATTRACTION,34.8453461,128.4276468,LISTED,10:00,WALK
27,통영,MINOR,C,1,1,토영이야길1코스,STROLL,34.8432741,128.4202910,SEEDED,10:00,WALK
27,통영,MINOR,C,1,2,동피랑쭈굴,MEAL,34.8444989,128.4272590,SEEDED,10:00,WALK
27,통영,MINOR,C,1,3,강구안에깡다방9,CAFE,34.8436286,128.4235650,SEEDED,10:00,WALK
27,통영,MINOR,C,1,4,통영활어시장,SHOPPING,34.8449486,128.4256624,SEEDED,10:00,WALK
27,통영,MINOR,C,1,5,통영게장맛집 강구식당,MEAL,34.8424238,128.4236401,SEEDED,10:00,WALK
27,통영,MINOR,C,2,0,미륵산(통영),ATTRACTION,34.8108359,128.4162237,LISTED,09:00,WALK
27,통영,MINOR,C,2,1,오션브리즈요트,EXPERIENCE,34.7993463,128.4340642,SEEDED,09:00,WALK
27,통영,MINOR,C,2,2,해미락,MEAL,34.8262425,128.4322842,SEEDED,09:00,WALK
27,통영,MINOR,C,2,3,통영유람선,VIEWPOINT,34.8285481,128.4339244,LISTED,09:00,WALK
27,통영,MINOR,C,2,4,짹짹커피 통영점,CAFE,34.8468864,128.4227473,SEEDED,09:00,WALK
27,통영,MINOR,C,2,5,회운정,MEAL,34.8407788,128.4237592,SEEDED,09:00,WALK
27,통영,MINOR,C,3,0,충무교와 통영운하,STROLL,34.8344720,128.4094209,LISTED,10:00,WALK
27,통영,MINOR,C,3,1,통영마리나리조트 요트,EXPERIENCE,34.8271400,128.4387213,LISTED,10:00,WALK
27,통영,MINOR,C,3,2,도남항 동방파제 등대,VIEWPOINT,34.8286370,128.4337078,LISTED,10:00,WALK
27,통영,MINOR,C,3,3,통영중앙전통시장,SHOPPING,34.8453263,128.4242535,SEEDED,10:00,WALK
27,통영,MINOR,C,3,4,뚱보할매김밥집,MEAL,34.8438766,128.4236559,SEEDED,10:00,WALK
28,삼척,MINOR,A,1,0,삼척해수욕장,STROLL,37.4683792,129.1687300,SEEDED,10:00,WALK
28,삼척,MINOR,A,1,1,추암 촛대바위,ATTRACTION,37.4794525,129.1602292,LISTED,10:00,WALK
28,삼척,MINOR,A,1,2,삼척보스대게 본점,MEAL,37.4669837,129.1696905,SEEDED,10:00,WALK
28,삼척,MINOR,A,1,3,보사노바 커피로스터스 삼척점,CAFE,37.4658056,129.1714900,SEEDED,10:00,WALK
28,삼척,MINOR,A,1,4,삼척해상스카이워크,VIEWPOINT,37.4502557,129.1894641,SEEDED,10:00,WALK
28,삼척,MINOR,A,1,5,삼척전복해물뚝배기,MEAL,37.4677218,129.1687753,SEEDED,10:00,WALK
28,삼척,MINOR,A,2,0,삼척 죽서루,ATTRACTION,37.4409079,129.1605518,SEEDED,09:30,WALK
28,삼척,MINOR,A,2,1,해파랑길32코스,STROLL,37.4267090,129.1891696,SEEDED,09:30,WALK
28,삼척,MINOR,A,2,2,부명칼국수,MEAL,37.4453546,129.1702181,SEEDED,09:30,WALK
28,삼척,MINOR,A,2,3,아가파오,CAFE,37.4435477,129.1655696,SEEDED,09:30,WALK
28,삼척,MINOR,A,2,4,노브랜드 삼척중앙시장점,SHOPPING,37.4418298,129.1651826,SEEDED,09:30,WALK
28,삼척,MINOR,A,2,5,삼척대왕횟집,MEAL,37.4412672,129.1654438,SEEDED,09:30,WALK
28,삼척,MINOR,A,3,0,갈남항,VIEWPOINT,37.2807758,129.3251151,LISTED,09:00,WALK
28,삼척,MINOR,A,3,1,초곡용굴촛대바위길,STROLL,37.3103744,129.2978233,SEEDED,09:00,WALK
28,삼척,MINOR,A,3,2,장호 어촌체험마을,EXPERIENCE,37.2881246,129.3176280,SEEDED,09:00,WALK
28,삼척,MINOR,A,3,3,홍문어,MEAL,37.2881246,129.3176280,SEEDED,09:00,WALK
28,삼척,MINOR,A,3,4,네가있는바다,CAFE,37.2808240,129.3241877,SEEDED,09:00,WALK
28,삼척,MINOR,A,3,5,장호우리집갈비막국수,MEAL,37.2840578,129.3130736,SEEDED,09:00,WALK
29,삼척,MINOR,B,1,0,추암 촛대바위,ATTRACTION,37.4794525,129.1602292,LISTED,10:00,CAR
29,삼척,MINOR,B,1,1,삼척보스대게 본점,MEAL,37.4669837,129.1696905,SEEDED,10:00,CAR
29,삼척,MINOR,B,1,2,보사노바 커피로스터스 삼척점,CAFE,37.4658056,129.1714900,SEEDED,10:00,CAR
29,삼척,MINOR,B,1,3,작은후진해수욕장,STROLL,37.4638879,129.1758978,LISTED,10:00,CAR
29,삼척,MINOR,B,1,4,삼척해상스카이워크,VIEWPOINT,37.4502557,129.1894641,SEEDED,10:00,CAR
29,삼척,MINOR,B,1,5,포카츠,MEAL,37.4654283,129.1650774,SEEDED,10:00,CAR
29,삼척,MINOR,B,2,0,장호해수욕장,ATTRACTION,37.2859044,129.3141425,SEEDED,09:00,CAR
29,삼척,MINOR,B,2,1,삼척바다배낚시체험,EXPERIENCE,37.2858255,129.3174478,SEEDED,09:00,CAR
29,삼척,MINOR,B,2,2,성덕호횟집,MEAL,37.2868926,129.3161521,SEEDED,09:00,CAR
29,삼척,MINOR,B,2,3,전망대 공영 주차장,VIEWPOINT,37.2810066,129.3228834,SEEDED,09:00,CAR
29,삼척,MINOR,B,2,4,버블엔젤,CAFE,37.2879826,129.3186075,SEEDED,09:00,CAR
29,삼척,MINOR,B,2,5,초곡용굴촛대바위길,STROLL,37.3103744,129.2978233,SEEDED,09:00,CAR
29,삼척,MINOR,B,2,6,장호해뜨는집,MEAL,37.2868606,129.3163544,SEEDED,09:00,CAR
29,삼척,MINOR,B,3,0,환선굴,ATTRACTION,37.3243000,129.0081703,SEEDED,08:30,CAR
29,삼척,MINOR,B,3,1,두타산협곡마천루,STROLL,37.4636237,129.0145372,LISTED,08:30,CAR
29,삼척,MINOR,B,3,2,굴피집,MEAL,37.3236842,129.0144891,SEEDED,08:30,CAR
29,삼척,MINOR,B,3,3,삼척신리너와마을,EXPERIENCE,37.1837931,129.1297554,SEEDED,08:30,CAR
29,삼척,MINOR,B,3,4,육향산,VIEWPOINT,37.4357997,129.1849950,LISTED,08:30,CAR
29,삼척,MINOR,B,3,5,이주일식당,MEAL,37.3257852,129.0200429,SEEDED,08:30,CAR
30,삼척,MINOR,C,1,0,삼척해수욕장,STROLL,37.4683792,129.1687300,SEEDED,10:30,WALK
30,삼척,MINOR,C,1,1,후진 어촌체험마을,EXPERIENCE,37.4638045,129.1772733,SEEDED,10:30,WALK
30,삼척,MINOR,C,1,2,삼척보스대게 본점,MEAL,37.4669837,129.1696905,SEEDED,10:30,WALK
30,삼척,MINOR,C,1,3,보사노바 커피로스터스 삼척점,CAFE,37.4658056,129.1714900,SEEDED,10:30,WALK
30,삼척,MINOR,C,1,4,삼척해상스카이워크,VIEWPOINT,37.4502557,129.1894641,SEEDED,10:30,WALK
30,삼척,MINOR,C,1,5,일미어담,MEAL,37.4666249,129.1706247,SEEDED,10:30,WALK
30,삼척,MINOR,C,2,0,삼척 죽서루,ATTRACTION,37.4409079,129.1605518,SEEDED,09:30,WALK
30,삼척,MINOR,C,2,1,해파랑길32코스,STROLL,37.4267090,129.1891696,SEEDED,09:30,WALK
30,삼척,MINOR,C,2,2,삼척대왕횟집,MEAL,37.4412672,129.1654438,SEEDED,09:30,WALK
30,삼척,MINOR,C,2,3,파리바게뜨 삼척사랑점,CAFE,37.4420730,129.1638840,SEEDED,09:30,WALK
30,삼척,MINOR,C,2,4,하나로마트 삼척농협본점,SHOPPING,37.4418655,129.1643235,SEEDED,09:30,WALK
30,삼척,MINOR,C,2,5,부명칼국수,MEAL,37.4453546,129.1702181,SEEDED,09:30,WALK
30,삼척,MINOR,C,3,0,갈남항,VIEWPOINT,37.2807758,129.3251151,LISTED,09:00,WALK
30,삼척,MINOR,C,3,1,삼척바다배낚시체험,EXPERIENCE,37.2858255,129.3174478,SEEDED,09:00,WALK
30,삼척,MINOR,C,3,2,홍문어,MEAL,37.2881246,129.3176280,SEEDED,09:00,WALK
30,삼척,MINOR,C,3,3,초곡용굴촛대바위길,STROLL,37.3103744,129.2978233,SEEDED,09:00,WALK
30,삼척,MINOR,C,3,4,마카올래,CAFE,37.2885326,129.3180719,SEEDED,09:00,WALK
30,삼척,MINOR,C,3,5,장호우리집갈비막국수,MEAL,37.2840578,129.3130736,SEEDED,09:00,WALK
