requestId,location,regionTier,keywordSet,day,placeIndex,aiPlaceName,kakaoTotalCount,bestScore,scoreBand,matchedPlaceName,matchedCategory,matchedAddress,matchedPlaceUrl,sourceBatch
2,경주,FAMOUS,B,1,0,불국사,137,8,S8_10,불국사,"문화,예술 > 종교 > 불교 > 절,사찰",경북 경주시 불국로 385,http://place.map.kakao.com/12760573,batch1
2,경주,FAMOUS,B,1,1,석굴암,10,10,S8_10,석굴암전망대,"여행 > 관광,명소 > 전망대",경북 경주시 진현동 산 9-1,http://place.map.kakao.com/17579112,batch1
2,경주,FAMOUS,B,1,2,토함산식당,9,10,S8_10,토함산식당,"음식점 > 한식 > 육류,고기 > 닭요리",경북 경주시 새골길 197,http://place.map.kakao.com/8114811,batch1
2,경주,FAMOUS,B,1,3,국립경주박물관,26,8,S8_10,국립경주박물관,"문화,예술 > 문화시설 > 박물관",경북 경주시 일정로 186,http://place.map.kakao.com/9666845,batch1
2,경주,FAMOUS,B,1,4,교리김밥,5,10,S8_10,교리김밥 경주본점,음식점 > 분식,경북 경주시 탑리3길 2,http://place.map.kakao.com/11807645,batch1
2,경주,FAMOUS,B,1,5,동궁과 월지,8,3,S1_4,동궁과월지,"여행 > 관광,명소 > 연못",경북 경주시 원화로 102,http://place.map.kakao.com/8179010,batch1
2,경주,FAMOUS,B,2,0,대릉원,37,10,S8_10,스타벅스 경주대릉원점,음식점 > 카페 > 커피전문점 > 스타벅스,경북 경주시 첨성로 125,http://place.map.kakao.com/24994872,batch1
2,경주,FAMOUS,B,2,1,첨성대,15,10,S8_10,경주십원빵 첨성대점,"음식점 > 간식 > 제과,베이커리",경북 경주시 첨성로 161,http://place.map.kakao.com/1119886819,batch1
2,경주,FAMOUS,B,2,2,향화정,1,10,S8_10,향화정,음식점 > 한식,경북 경주시 사정로57번길 17,http://place.map.kakao.com/632306474,batch1
2,경주,FAMOUS,B,2,3,황리단길,135,10,S8_10,황리단길,"여행 > 관광,명소 > 테마거리 > 카페거리",경북 경주시 태종로 746,http://place.map.kakao.com/627627078,batch1
2,경주,FAMOUS,B,2,4,대릉원사진관,1,3,S1_4,대릉원흑백사진관,"문화,예술 > 사진 > 사진관,포토스튜디오",경북 경주시 포석로 1081,http://place.map.kakao.com/1701158079,batch1
2,경주,FAMOUS,B,2,5,월정교,7,10,S8_10,월정교,"음식점 > 한식 > 해물,생선",경북 경주시 감포읍 동해안로 1890,http://place.map.kakao.com/1613134148,batch1
2,경주,FAMOUS,B,2,6,함양집,4,10,S8_10,함양집 경주보문점,음식점 > 한식,경북 경주시 북군1길 10-1,http://place.map.kakao.com/17399928,batch1
2,경주,FAMOUS,B,3,0,보문호반길,0,-1,NO_RESULT,,,,,batch1
2,경주,FAMOUS,B,3,1,동궁원,22,10,S8_10,경주동궁원,"여행 > 관광,명소 > 수목원,식물원",경북 경주시 보문로 74-14,http://place.map.kakao.com/19464673,batch1
2,경주,FAMOUS,B,3,2,보문뜰,2,10,S8_10,보문뜰,음식점 > 한식 > 한정식,경북 경주시 경감로 142-3,http://place.map.kakao.com/25968394,batch1
2,경주,FAMOUS,B,3,3,주렁주렁 경주점,1,10,S8_10,주렁주렁 경주점,"여행 > 관광,명소 > 동물원 > 실내동물원",경북 경주시 엑스포로 80,http://place.map.kakao.com/26848872,batch1
2,경주,FAMOUS,B,3,4,카페 아덴,2,5,S5_7,아덴 보문호수점,음식점 > 카페 > 테마카페 > 디저트카페,경북 경주시 한국관광1번로 34,http://place.map.kakao.com/425270187,batch1
2,경주,FAMOUS,B,3,5,경주중앙시장,116,8,S8_10,경주중앙시장,"가정,생활 > 시장",경북 경주시 금성로 295,http://place.map.kakao.com/2136388558,batch1
4,부산,FAMOUS,A,1,0,해운대해수욕장,45,10,S8_10,해운대해수욕장,"여행 > 관광,명소 > 해수욕장,해변",부산 해운대구 우동,http://place.map.kakao.com/7913306,batch1
4,부산,FAMOUS,A,1,1,동백섬,10,10,S8_10,동백섬,"여행 > 관광,명소 > 섬 > 섬(내륙)",부산 해운대구 우동 708-3,http://place.map.kakao.com/8257954,batch1
4,부산,FAMOUS,A,1,2,상국이네,2,10,S8_10,상국이네,음식점 > 분식,부산 해운대구 구남로41번길 40-1,http://place.map.kakao.com/9089301,batch1
4,부산,FAMOUS,A,1,3,해리단길,42,10,S8_10,해리단길,"여행 > 관광,명소 > 테마거리",부산 해운대구 우동 517-14,http://place.map.kakao.com/2101481584,batch1
4,부산,FAMOUS,A,1,4,더베이101,11,8,S8_10,더베이101,"문화,예술 > 문화시설",부산 해운대구 동백로 52,http://place.map.kakao.com/27457865,batch1
4,부산,FAMOUS,A,1,5,해운대원조할매국밥,4,10,S8_10,해운대원조할매국밥,음식점 > 한식 > 국밥,부산 해운대구 구남로21번길 33,http://place.map.kakao.com/367285394,batch1
4,부산,FAMOUS,A,2,0,흰여울문화마을,3,8,S8_10,흰여울문화마을,"여행 > 관광,명소",부산 영도구 영선동4가 605-3,http://place.map.kakao.com/22875776,batch1
4,부산,FAMOUS,A,2,1,남포동 비빔당면,23,5,S5_7,깡통골목 원조비빔당면,음식점 > 한식 > 냉면,부산 중구 중구로47번길 29,http://place.map.kakao.com/15655773,batch1
4,부산,FAMOUS,A,2,2,국제시장,156,8,S8_10,국제시장,"가정,생활 > 시장",부산 중구 신창동4가 56-4,http://place.map.kakao.com/20543715,batch1
4,부산,FAMOUS,A,2,3,부평깡통시장,8,8,S8_10,부평깡통시장,"가정,생활 > 시장",부산 중구 부평동2가 82,http://place.map.kakao.com/837490557,batch1
4,부산,FAMOUS,A,2,4,용두산공원 부산타워,2,10,S8_10,부산타워,"여행 > 관광,명소 > 전망대",부산 중구 용두산길 37-30,http://place.map.kakao.com/1534486834,batch1
4,부산,FAMOUS,A,2,5,개미집 남포점,0,-1,NO_RESULT,,,,,batch1
4,부산,FAMOUS,A,3,0,광안리해수욕장,67,10,S8_10,광안리해수욕장,"여행 > 관광,명소 > 해수욕장,해변",부산 수영구 광안해변로 219,http://place.map.kakao.com/8202423,batch1
4,부산,FAMOUS,A,3,1,광안리 카페거리,2,5,S5_7,광안리카페거리,"여행 > 관광,명소 > 테마거리 > 카페거리",부산 수영구 광안동 205,http://place.map.kakao.com/8668857,batch1
4,부산,FAMOUS,A,3,2,할매재첩국,3,10,S8_10,할매재첩국 부산본점,음식점 > 한식,부산 수영구 광남로120번길 8,http://place.map.kakao.com/8154162,batch1
4,부산,FAMOUS,A,3,3,전포카페거리,29,10,S8_10,전포카페거리,"여행 > 관광,명소 > 테마거리",부산 부산진구 전포대로209번길 26,http://place.map.kakao.com/25661344,batch1
4,부산,FAMOUS,A,3,4,송정3대국밥,1,5,S5_7,송정삼대국밥,음식점 > 한식 > 국밥,부산 부산진구 서면로68번길 33,http://place.map.kakao.com/10551889,batch1
4,부산,FAMOUS,A,3,5,광안리해수욕장,67,10,S8_10,광안리해수욕장,"여행 > 관광,명소 > 해수욕장,해변",부산 수영구 광안해변로 219,http://place.map.kakao.com/8202423,batch1
5,부산,FAMOUS,B,1,0,해운대 해수욕장,45,5,S5_7,해운대해수욕장,"여행 > 관광,명소 > 해수욕장,해변",부산 해운대구 우동,http://place.map.kakao.com/7913306,batch1
5,부산,FAMOUS,B,1,1,동백섬,10,10,S8_10,동백섬,"여행 > 관광,명소 > 섬 > 섬(내륙)",부산 해운대구 우동 708-3,http://place.map.kakao.com/8257954,batch1
5,부산,FAMOUS,B,1,2,더베이101,11,8,S8_10,더베이101,"문화,예술 > 문화시설",부산 해운대구 동백로 52,http://place.map.kakao.com/27457865,batch1
5,부산,FAMOUS,B,1,3,SEA LIFE 부산 아쿠아리움,4,3,S1_4,씨라이프 부산아쿠아리움,"문화,예술 > 문화시설 > 아쿠아리움",부산 해운대구 해운대해변로 266,http://place.map.kakao.com/7906241,batch1
5,부산,FAMOUS,B,1,4,해운대 시장,86,5,S5_7,개미집 국제시장본점직영점,"음식점 > 한식 > 해물,생선",부산 해운대구 구남로 34,http://place.map.kakao.com/15917936,batch1
5,부산,FAMOUS,B,2,0,해동용궁사,11,10,S8_10,부산 기장 해동용궁사 도깨비 방앗간 한옥카페,음식점 > 카페,부산 기장군 기장읍 용궁길 49,http://place.map.kakao.com/1784304472,batch1
5,부산,FAMOUS,B,2,1,웨이브온 커피,2,5,S5_7,웨이브온커피,음식점 > 카페 > 커피전문점,부산 기장군 장안읍 해맞이로 286,http://place.map.kakao.com/528293263,batch1
5,부산,FAMOUS,B,2,2,기장시장,91,8,S8_10,기장시장,"가정,생활 > 시장",부산 기장군 기장읍 읍내로104번길 16,http://place.map.kakao.com/11520115,batch1
5,부산,FAMOUS,B,2,3,오랑대공원,2,8,S8_10,오랑대공원,여행 > 공원 > 도시근린공원,부산 기장군 기장읍 시랑리,http://place.map.kakao.com/11340429,batch1
5,부산,FAMOUS,B,2,4,송정집,14,10,S8_10,송정집,음식점 > 한식,부산 해운대구 송정광어골로 59,http://place.map.kakao.com/21540783,batch1
5,부산,FAMOUS,B,3,0,감천문화마을,28,10,S8_10,감천문화마을 하늘마루전망대,"여행 > 관광,명소 > 전망대",부산 사하구 감내2로 177-11,http://place.map.kakao.com/18855211,batch1
5,부산,FAMOUS,B,3,1,국제시장,156,8,S8_10,국제시장,"가정,생활 > 시장",부산 중구 신창동4가 56-4,http://place.map.kakao.com/20543715,batch1
5,부산,FAMOUS,B,3,2,태종대유원지,8,10,S8_10,태종대유원지,"여행 > 관광,명소 > 유원지",부산 영도구 동삼동 산 29-1,http://place.map.kakao.com/8111808,batch1
5,부산,FAMOUS,B,3,3,자갈치시장,49,8,S8_10,자갈치시장,"가정,생활 > 시장",부산 중구 자갈치해안로 52,http://place.map.kakao.com/11168886,batch1
6,부산,FAMOUS,C,1,0,해운대 해변,15,5,S5_7,해운대해수욕장,"여행 > 관광,명소 > 해수욕장,해변",부산 해운대구 우동,http://place.map.kakao.com/7913306,batch1
6,부산,FAMOUS,C,1,1,해운대 블루라인파크 미포정거장,1,5,S5_7,해운대블루라인파크 미포정거장,"여행 > 관광,명소 > 테마파크",부산 해운대구 달맞이길62번길 13,http://place.map.kakao.com/188403018,batch1
6,부산,FAMOUS,C,1,2,더베이101 핑거스앤챗,1,10,S8_10,핑거스앤챗,"음식점 > 술집 > 호프,요리주점",부산 해운대구 동백로 52,http://place.map.kakao.com/27305670,batch1
6,부산,FAMOUS,C,1,3,더베이101,11,8,S8_10,더베이101,"문화,예술 > 문화시설",부산 해운대구 동백로 52,http://place.map.kakao.com/27457865,batch1
6,부산,FAMOUS,C,1,4,광안리 해변,21,5,S5_7,광안리해수욕장,"여행 > 관광,명소 > 해수욕장,해변",부산 수영구 광안해변로 219,http://place.map.kakao.com/8202423,batch1
6,부산,FAMOUS,C,1,5,마담에뽀끄,1,10,S8_10,마담에뽀끄,음식점 > 양식 > 이탈리안,부산 수영구 광안해변로 239,http://place.map.kakao.com/944741167,batch1
6,부산,FAMOUS,C,2,0,서면 젊음의 거리,2,5,S5_7,서면젊음의거리,"여행 > 관광,명소 > 테마거리",부산 부산진구 부전로 187,http://place.map.kakao.com/335140347,batch1
6,부산,FAMOUS,C,2,1,런드리샵,0,-1,NO_RESULT,,,,,batch1
6,부산,FAMOUS,C,2,2,흰여울문화마을,3,8,S8_10,흰여울문화마을,"여행 > 관광,명소",부산 영도구 영선동4가 605-3,http://place.map.kakao.com/22875776,batch1
6,부산,FAMOUS,C,2,3,에쎄떼,0,-1,NO_RESULT,,,,,batch1
6,부산,FAMOUS,C,2,4,부산횟집,996,10,S8_10,부산횟집,"음식점 > 한식 > 해물,생선 > 회",부산 수영구 민락수변로 29,http://place.map.kakao.com/10466141,batch1
6,부산,FAMOUS,C,3,0,해동용궁사,11,10,S8_10,부산 기장 해동용궁사 도깨비 방앗간 한옥카페,음식점 > 카페,부산 기장군 기장읍 용궁길 49,http://place.map.kakao.com/1784304472,batch1
6,부산,FAMOUS,C,3,1,아난티 코브,23,8,S8_10,아난티 코브,"여행 > 숙박 > 콘도,리조트 > 아난티",부산 기장군 기장읍 기장해안로 268-31,http://place.map.kakao.com/1672210391,batch1
6,부산,FAMOUS,C,3,2,힐튼 부산 다모임,1,5,S5_7,아난티 앳 부산 코브 다모임,음식점 > 뷔페,부산 기장군 기장읍 기장해안로 268-32,http://place.map.kakao.com/1861260718,batch1
6,부산,FAMOUS,C,3,3,신세계백화점 센텀시티점,587,8,S8_10,신세계백화점 센텀시티점,"가정,생활 > 백화점 > 신세계백화점",부산 해운대구 센텀남대로 35,http://place.map.kakao.com/7969139,batch1
6,부산,FAMOUS,C,3,4,영화의전당,28,8,S8_10,영화의전당,"문화,예술 > 영화,영상 > 영화관",부산 해운대구 수영강변대로 120,http://place.map.kakao.com/23210864,batch1
6,부산,FAMOUS,C,3,5,파크 하얏트 부산 다이닝룸,1,5,S5_7,파크하얏트 부산 다이닝룸,음식점 > 양식,부산 해운대구 마린시티1로 51,http://place.map.kakao.com/21539138,batch1
7,제주,FAMOUS,A,1,0,동문시장,95,8,S8_10,제주동문시장,"가정,생활 > 시장",제주특별자치도 제주시 동문로 16,http://place.map.kakao.com/1262338999,batch1
7,제주,FAMOUS,A,1,1,순옥이네명가,1,5,S5_7,순옥이네 명가 본점,"음식점 > 한식 > 해물,생선",제주특별자치도 제주시 도공로 8,http://place.map.kakao.com/1006711661,batch1
7,제주,FAMOUS,A,1,2,함덕해수욕장,36,10,S8_10,함덕해수욕장,"여행 > 관광,명소 > 해수욕장,해변",제주특별자치도 제주시 조천읍 조함해안로 525,http://place.map.kakao.com/8148451,batch1
7,제주,FAMOUS,A,1,3,델문도,6,10,S8_10,델문도,음식점 > 카페,제주특별자치도 제주시 조천읍 조함해안로 519-10,http://place.map.kakao.com/26867476,batch1
7,제주,FAMOUS,A,1,4,명리동식당 함덕점,0,-1,NO_RESULT,,,,,batch1
7,제주,FAMOUS,A,2,0,이중섭거리,6,10,S8_10,이중섭거리,"여행 > 관광,명소 > 테마거리",제주특별자치도 서귀포시 이중섭로 4-1,http://place.map.kakao.com/8523750,batch1
7,제주,FAMOUS,A,2,1,서귀포올레시장,55,10,S8_10,올레왕갈치 서귀포올레시장점,"음식점 > 한식 > 해물,생선",제주특별자치도 서귀포시 중앙로42번길 9,http://place.map.kakao.com/1056381412,batch1
7,제주,FAMOUS,A,2,2,천지연폭포,10,10,S8_10,천지연폭포 전망대,"여행 > 관광,명소 > 전망대",제주특별자치도 서귀포시 서홍동 658,http://place.map.kakao.com/1779409505,batch1
7,제주,FAMOUS,A,2,3,새연교,6,10,S8_10,새연교횟집,"음식점 > 한식 > 해물,생선 > 회",제주특별자치도 서귀포시 솔동산로22번길 11,http://place.map.kakao.com/11576977,batch1
7,제주,FAMOUS,A,2,4,네거리식당,11,10,S8_10,네거리식당,"음식점 > 한식 > 해물,생선",제주특별자치도 서귀포시 서문로29번길 20,http://place.map.kakao.com/9733194,batch1
7,제주,FAMOUS,A,3,0,한담해안산책로,1,3,S1_4,한담마을 장한철산책로,"여행 > 관광,명소",제주특별자치도 제주시 애월읍 애월리 2489-3,http://place.map.kakao.com/23705150,batch1
7,제주,FAMOUS,A,3,1,제주김만복 애월점,0,-1,NO_RESULT,,,,,batch1
7,제주,FAMOUS,A,3,2,하이엔드제주,2,5,S5_7,해지개더궁,음식점 > 카페,제주특별자치도 제주시 애월읍 애월북서길 56,http://place.map.kakao.com/129915764,batch1
7,제주,FAMOUS,A,3,3,이호테우해변,10,8,S8_10,이호테우해변입구교차로,"교통,수송 > 도로시설 > 교차로",제주특별자치도 제주시 이호이동,http://place.map.kakao.com/15140257,batch1
7,제주,FAMOUS,A,3,4,자매국수 본점,1,10,S8_10,자매국수,음식점 > 한식 > 국수,제주특별자치도 제주시 항골남길 46,http://place.map.kakao.com/21455793,batch1
8,제주,FAMOUS,B,1,0,성산일출봉,55,10,S8_10,성산바다풍경 제주성산일출봉점,음식점 > 한식,제주특별자치도 서귀포시 성산읍 일출로288번길 17,http://place.map.kakao.com/10412287,batch1
8,제주,FAMOUS,B,1,1,해월정,2,10,S8_10,해월정 본점,음식점 > 한식 > 국수,제주특별자치도 제주시 구좌읍 해맞이해안로 2340,http://place.map.kakao.com/8615207,batch1
8,제주,FAMOUS,B,1,2,섭지코지,36,10,S8_10,섭지코지해녀밥상,음식점 > 한식,제주특별자치도 서귀포시 성산읍 신양로122번길 60-6,http://place.map.kakao.com/24856855,batch1
8,제주,FAMOUS,B,1,3,아쿠아플라넷 제주,14,8,S8_10,아쿠아플라넷 제주,"문화,예술 > 문화시설 > 아쿠아리움",제주특별자치도 서귀포시 성산읍 섭지코지로 95,http://place.map.kakao.com/23150855,batch1
8,제주,FAMOUS,B,1,4,명진전복,2,10,S8_10,명진전복,"음식점 > 한식 > 해물,생선 > 굴,전복",제주특별자치도 제주시 구좌읍 해맞이해안로 1282,http://place.map.kakao.com/20031551,batch1
8,제주,FAMOUS,B,2,0,새별오름,11,10,S8_10,새별오름,"여행 > 관광,명소 > 오름",제주특별자치도 제주시 애월읍 봉성리 산 59-8,http://place.map.kakao.com/25274725,batch1
8,제주,FAMOUS,B,2,1,닻,4,10,S8_10,닻,음식점 > 술집,제주특별자치도 제주시 애월읍 가문동길 41-2,http://place.map.kakao.com/457303879,batch1
8,제주,FAMOUS,B,2,2,협재해변,14,8,S8_10,협재해변펜션,여행 > 숙박 > 펜션,제주특별자치도 제주시 한림읍 협재로 114,http://place.map.kakao.com/588019619,batch1
8,제주,FAMOUS,B,2,3,한담해안산책로,1,3,S1_4,한담마을 장한철산책로,"여행 > 관광,명소",제주특별자치도 제주시 애월읍 애월리 2489-3,http://place.map.kakao.com/23705150,batch1
8,제주,FAMOUS,B,2,4,제주김만복 애월점,0,-1,NO_RESULT,,,,,batch1
8,제주,FAMOUS,B,3,0,천지연폭포,10,10,S8_10,천지연폭포 전망대,"여행 > 관광,명소 > 전망대",제주특별자치도 서귀포시 서홍동 658,http://place.map.kakao.com/1779409505,batch1
8,제주,FAMOUS,B,3,1,서귀포매일올레시장,9,8,S8_10,서귀포매일올레시장,"가정,생활 > 시장",제주특별자치도 서귀포시 중앙로62번길 18,http://place.map.kakao.com/7938166,batch1
8,제주,FAMOUS,B,3,2,우정회센타,3,10,S8_10,우정회센타 중문점,"음식점 > 한식 > 해물,생선 > 회",제주특별자치도 서귀포시 천제연로 179,http://place.map.kakao.com/373819004,batch1
8,제주,FAMOUS,B,3,3,카멜리아힐,20,10,S8_10,카멜리아힐,"여행 > 관광,명소 > 수목원,식물원",제주특별자치도 서귀포시 안덕면 병악로 166,http://place.map.kakao.com/9461977,batch1
8,제주,FAMOUS,B,3,4,쇠소깍,46,10,S8_10,쇠소깍관광지,"여행 > 관광,명소 > 관광단지",제주특별자치도 서귀포시 하효동,http://place.map.kakao.com/7967197,batch1
8,제주,FAMOUS,B,3,5,흑돈가 제주본점,2,10,S8_10,흑돈가 제주본점,"음식점 > 한식 > 육류,고기",제주특별자치도 제주시 한라대학로 11,http://place.map.kakao.com/1754846295,batch1
9,제주,FAMOUS,C,1,0,제주동문시장,78,8,S8_10,제주동문시장,"가정,생활 > 시장",제주특별자치도 제주시 동문로 16,http://place.map.kakao.com/1262338999,batch1
9,제주,FAMOUS,C,1,1,제주승마공원,4,8,S8_10,제주승마공원,"스포츠,레저 > 승마 > 승마장",제주특별자치도 제주시 애월읍 녹고메길 152-1,http://place.map.kakao.com/8950356,batch1
9,제주,FAMOUS,C,1,2,카페 글렌코,1,5,S5_7,카페글렌코,음식점 > 카페,제주특별자치도 제주시 구좌읍 비자림로 1202,http://place.map.kakao.com/213125558,batch1
9,제주,FAMOUS,C,1,3,늘봄흑돼지,3,10,S8_10,늘봄흑돼지,"음식점 > 한식 > 육류,고기 > 삼겹살",제주특별자치도 제주시 한라대학로 12,http://place.map.kakao.com/8856076,batch1
9,제주,FAMOUS,C,2,0,성산일출봉,55,10,S8_10,성산바다풍경 제주성산일출봉점,음식점 > 한식,제주특별자치도 서귀포시 성산읍 일출로288번길 17,http://place.map.kakao.com/10412287,batch1
9,제주,FAMOUS,C,2,1,섭지코지,36,10,S8_10,섭지코지해녀밥상,음식점 > 한식,제주특별자치도 서귀포시 성산읍 신양로122번길 60-6,http://place.map.kakao.com/24856855,batch1
9,제주,FAMOUS,C,2,2,춘심이네 본점,2,10,S8_10,춘심이네 본점,"음식점 > 한식 > 해물,생선",제주특별자치도 서귀포시 안덕면 창천중앙로24번길 16,http://place.map.kakao.com/19316749,batch1
9,제주,FAMOUS,C,2,3,아쿠아플라넷 제주,14,8,S8_10,아쿠아플라넷 제주,"문화,예술 > 문화시설 > 아쿠아리움",제주특별자치도 서귀포시 성산읍 섭지코지로 95,http://place.map.kakao.com/23150855,batch1
9,제주,FAMOUS,C,2,4,해월정,2,10,S8_10,해월정 본점,음식점 > 한식 > 국수,제주특별자치도 제주시 구좌읍 해맞이해안로 2340,http://place.map.kakao.com/8615207,batch1
9,제주,FAMOUS,C,3,0,카멜리아힐,20,10,S8_10,카멜리아힐,"여행 > 관광,명소 > 수목원,식물원",제주특별자치도 서귀포시 안덕면 병악로 166,http://place.map.kakao.com/9461977,batch1
9,제주,FAMOUS,C,3,1,덤장 본점,0,-1,NO_RESULT,,,,,batch1
9,제주,FAMOUS,C,3,2,오설록 티 뮤지엄,7,5,S5_7,오설록 티뮤지엄,음식점 > 카페,제주특별자치도 서귀포시 안덕면 신화역사로 15,http://place.map.kakao.com/11332661,batch1
9,제주,FAMOUS,C,3,3,이니스프리 제주하우스,2,8,S8_10,이니스프리 제주하우스,"가정,생활 > 미용 > 화장품 > 이니스프리",제주특별자치도 서귀포시 안덕면 신화역사로 23,http://place.map.kakao.com/19306466,batch1
11,서울,FAMOUS,B,1,0,올림픽공원,351,8,S8_10,올림픽공원,여행 > 공원,서울 송파구 올림픽로 424,http://place.map.kakao.com/8023565,batch1
11,서울,FAMOUS,B,1,1,더 키친 485,0,-1,NO_RESULT,,,,,batch1
11,서울,FAMOUS,B,1,2,서울숲,3744,10,S8_10,서울숲카페거리,"여행 > 관광,명소 > 테마거리 > 카페거리",서울 성동구 성수동1가 668-11,http://place.map.kakao.com/1780698606,batch1
11,서울,FAMOUS,B,1,3,뚝섬한강공원,86,10,S8_10,뚝섬한강공원 눈썰매장,"스포츠,레저 > 스포츠시설 > 눈썰매장",서울 광진구 자양동 112,http://place.map.kakao.com/468812452,batch1
11,서울,FAMOUS,B,1,4,성수연방,5,8,S8_10,성수연방,"문화,예술 > 문화시설",서울 성동구 성수이로14길 14,http://place.map.kakao.com/1819728691,batch1
11,서울,FAMOUS,B,2,0,북한산국립공원 우이령길,0,-1,NO_RESULT,,,,,batch1
11,서울,FAMOUS,B,2,1,산촌,18,10,S8_10,산촌 본점,음식점 > 한식 > 한정식,서울 종로구 인사동길 30-13,http://place.map.kakao.com/16650740,batch1
11,서울,FAMOUS,B,2,2,북촌한옥마을,21,8,S8_10,북촌한옥마을,"여행 > 관광,명소",서울 종로구 북촌로 53,http://place.map.kakao.com/781129546,batch1
11,서울,FAMOUS,B,2,3,삼청동수제비,2,10,S8_10,삼청동수제비,음식점 > 한식 > 수제비,서울 종로구 삼청로 101-1,http://place.map.kakao.com/13559837,batch1
11,서울,FAMOUS,B,2,4,인사동 그집,10,5,S5_7,그때그집,음식점 > 술집 > 실내포장마차,서울 종로구 인사동 194-41,http://place.map.kakao.com/173030277,batch1
11,서울,FAMOUS,B,3,0,남산공원,30,8,S8_10,남산공원,여행 > 공원 > 도시근린공원,서울 중구 남산공원길 125-54,http://place.map.kakao.com/8246129,batch1
11,서울,FAMOUS,B,3,1,원조남산왕돈까스,4,10,S8_10,원조남산왕돈까스 명동본점,음식점 > 한식,서울 중구 명동7길 21,http://place.map.kakao.com/23961602,batch1
11,서울,FAMOUS,B,3,2,반포한강공원,54,8,S8_10,반포한강공원,여행 > 공원 > 도시근린공원,서울 서초구 반포동 115-5,http://place.map.kakao.com/8142957,batch1
11,서울,FAMOUS,B,3,3,서래마을,103,10,S8_10,서래마을카페거리,"여행 > 관광,명소 > 테마거리 > 카페거리",서울 서초구 반포동 126,http://place.map.kakao.com/27278541,batch1
11,서울,FAMOUS,B,3,4,줄라이,20,10,S8_10,줄라이,음식점 > 양식,서울 서초구 동광로 164,http://place.map.kakao.com/16999431,batch1
13,강릉,FAMOUS,A,1,0,강릉중앙시장,157,8,S8_10,강릉중앙시장,"가정,생활 > 시장",강원특별자치도 강릉시 금성로 21,http://place.map.kakao.com/18525909,batch1
13,강릉,FAMOUS,A,1,1,월화거리,7,10,S8_10,강릉월화거리,"여행 > 관광,명소 > 테마거리",강원특별자치도 강릉시 경강로 2111,http://place.map.kakao.com/2058461010,batch1
13,강릉,FAMOUS,A,1,2,안목해변 카페거리,1,5,S5_7,강릉카페거리,"여행 > 관광,명소 > 테마거리 > 카페거리",강원특별자치도 강릉시 창해로14번길 20,http://place.map.kakao.com/14862993,batch1
13,강릉,FAMOUS,A,1,3,안목해변,16,10,S8_10,안목해변,"여행 > 관광,명소 > 해수욕장,해변",강원특별자치도 강릉시 창해로14번길 51-26,http://place.map.kakao.com/7987002,batch1
13,강릉,FAMOUS,A,1,4,강릉항 회센터,3,5,S5_7,강릉항회센터,"음식점 > 한식 > 해물,생선 > 회",강원특별자치도 강릉시 창해로14번길 55-7,http://place.map.kakao.com/24910113,batch1
13,강릉,FAMOUS,A,2,0,경포호,4,10,S8_10,경포호,"여행 > 관광,명소 > 호수",강원특별자치도 강릉시 운정동 984,http://place.map.kakao.com/8654759,batch1
13,강릉,FAMOUS,A,2,1,오죽헌,29,8,S8_10,오죽헌,"여행 > 관광,명소 > 문화유적 > 유적지",강원특별자치도 강릉시 율곡로3139번길 24,http://place.map.kakao.com/25323416,batch1
13,강릉,FAMOUS,A,2,2,초당할머니순두부,4,10,S8_10,초당할머니순두부,음식점 > 한식 > 두부전문점,강원특별자치도 강릉시 초당순두부길 77,http://place.map.kakao.com/8535139,batch1
13,강릉,FAMOUS,A,2,3,허균·허난설헌 기념공원,6,3,S1_4,허균허난설헌기념공원,여행 > 공원,강원특별자치도 강릉시 난설헌로193번길 1-29,http://place.map.kakao.com/17344148,batch1
13,강릉,FAMOUS,A,2,4,강문해변,28,10,S8_10,강문해변,"여행 > 관광,명소 > 해수욕장,해변",강원특별자치도 강릉시 강문동 182-1,http://place.map.kakao.com/8680336,batch1
13,강릉,FAMOUS,A,2,5,강릉감자옹심이,25,10,S8_10,강릉감자옹심이 강릉본점,음식점 > 한식,강원특별자치도 강릉시 토성로 171,http://place.map.kakao.com/10127723,batch1
13,강릉,FAMOUS,A,3,0,주문진 해변,16,5,S5_7,주문진해변,"여행 > 관광,명소 > 해수욕장,해변",강원특별자치도 강릉시 주문진읍 향호리 8-35,http://place.map.kakao.com/8073114,batch1
13,강릉,FAMOUS,A,3,1,주문진 수산시장,18,3,S1_4,주문진수산시장,"가정,생활 > 시장",강원특별자치도 강릉시 주문진읍 시장길 38,http://place.map.kakao.com/26985090,batch1
13,강릉,FAMOUS,A,3,2,영진해변,5,10,S8_10,영진해변,"여행 > 관광,명소 > 해수욕장,해변",강원특별자치도 강릉시 연곡면 영진리 357-155,http://place.map.kakao.com/8004666,batch1
13,강릉,FAMOUS,A,3,3,카페 브리사,0,-1,NO_RESULT,,,,,batch1
14,강릉,FAMOUS,B,1,0,안목해변,16,10,S8_10,안목해변,"여행 > 관광,명소 > 해수욕장,해변",강원특별자치도 강릉시 창해로14번길 51-26,http://place.map.kakao.com/7987002,batch1
14,강릉,FAMOUS,B,1,1,초당할머니순두부,4,10,S8_10,초당할머니순두부,음식점 > 한식 > 두부전문점,강원특별자치도 강릉시 초당순두부길 77,http://place.map.kakao.com/8535139,batch1
14,강릉,FAMOUS,B,1,2,오죽헌,29,8,S8_10,오죽헌,"여행 > 관광,명소 > 문화유적 > 유적지",강원특별자치도 강릉시 율곡로3139번길 24,http://place.map.kakao.com/25323416,batch1
14,강릉,FAMOUS,B,1,3,강릉솔향수목원,4,10,S8_10,강릉솔향수목원,"여행 > 관광,명소 > 수목원,식물원",강원특별자치도 강릉시 구정면 수목원길 156,http://place.map.kakao.com/25856200,batch1
14,강릉,FAMOUS,B,1,4,강릉중앙시장,157,8,S8_10,강릉중앙시장,"가정,생활 > 시장",강원특별자치도 강릉시 금성로 21,http://place.map.kakao.com/18525909,batch1
14,강릉,FAMOUS,B,2,0,정동진 해변,5,10,S8_10,정동진 해변,"여행 > 관광,명소 > 해수욕장,해변",강원특별자치도 강릉시 강동면 정동진리 64-3,http://place.map.kakao.com/11164998,batch1
14,강릉,FAMOUS,B,2,1,하슬라아트월드,18,10,S8_10,하슬라아트월드,"여행 > 관광,명소 > 테마파크",강원특별자치도 강릉시 강동면 율곡로 1441,http://place.map.kakao.com/8143646,batch1
14,강릉,FAMOUS,B,2,2,사천진항,1,8,S8_10,사천진항,"교통,수송 > 교통시설 > 항구,포구",강원특별자치도 강릉시 사천면 사천진리 2,http://place.map.kakao.com/26260120,batch1
14,강릉,FAMOUS,B,2,3,주문진항,9,10,S8_10,주문진항샵20,"음식점 > 한식 > 해물,생선 > 회",강원특별자치도 강릉시 하평길 68,http://place.map.kakao.com/749545318,batch1
14,강릉,FAMOUS,B,2,4,영진해변,5,10,S8_10,영진해변,"여행 > 관광,명소 > 해수욕장,해변",강원특별자치도 강릉시 연곡면 영진리 357-155,http://place.map.kakao.com/8004666,batch1
14,강릉,FAMOUS,B,2,5,강릉불고기,16,10,S8_10,강릉불고기,"음식점 > 한식 > 육류,고기 > 불고기,두루치기",강원특별자치도 강릉시 강동면 풍호길 270,http://place.map.kakao.com/1591766183,batch1
14,강릉,FAMOUS,B,3,0,경포호,4,10,S8_10,경포호,"여행 > 관광,명소 > 호수",강원특별자치도 강릉시 운정동 984,http://place.map.kakao.com/8654759,batch1
14,강릉,FAMOUS,B,3,1,경포해변,20,10,S8_10,경포해변인증센터,"여행 > 관광,명소 > 자전거여행",강원특별자치도 강릉시 안현동 산 1-10,http://place.map.kakao.com/26935806,batch1
14,강릉,FAMOUS,B,3,2,강릉해변막국수,1,5,S5_7,송정해변막국수,음식점 > 한식 > 국수,강원특별자치도 강릉시 창해로 267,http://place.map.kakao.com/1992481591,batch1
14,강릉,FAMOUS,B,3,3,강릉커피빵 본점,8,10,S8_10,강릉커피빵 본점,음식점 > 카페,강원특별자치도 강릉시 창해로350번길 29,http://place.map.kakao.com/1636307811,batch1
14,강릉,FAMOUS,B,3,4,등명해변,3,10,S8_10,등명해변,"여행 > 관광,명소 > 해수욕장,해변",강원특별자치도 강릉시 강동면 정동진리 490-1,http://place.map.kakao.com/8281023,batch1
15,강릉,FAMOUS,C,1,0,강릉역,120,8,S8_10,강릉역,"교통,수송 > 기차,철도 > 기차역 > KTX정차역",강원특별자치도 강릉시 용지로 176,http://place.map.kakao.com/8632588,batch2
15,강릉,FAMOUS,C,1,1,강릉중앙시장,157,8,S8_10,강릉중앙시장,"가정,생활 > 시장",강원특별자치도 강릉시 금성로 21,http://place.map.kakao.com/18525909,batch2
15,강릉,FAMOUS,C,1,2,금성백반,1,10,S8_10,금성,음식점 > 한식,강원특별자치도 강릉시 연곡면 소금강길 478,http://place.map.kakao.com/204977841,batch2
15,강릉,FAMOUS,C,1,3,안목해변,16,10,S8_10,안목해변,"여행 > 관광,명소 > 해수욕장,해변",강원특별자치도 강릉시 창해로14번길 51-26,http://place.map.kakao.com/7987002,batch2
15,강릉,FAMOUS,C,1,4,보사노바,1,10,S8_10,보사노바 커피로스터스 강릉점,음식점 > 카페,강원특별자치도 강릉시 창해로14번길 28,http://place.map.kakao.com/27320313,batch2
15,강릉,FAMOUS,C,1,5,씨마크호텔 더 쉐프,0,-1,NO_RESULT,,,,,batch2
15,강릉,FAMOUS,C,2,0,오죽헌,29,8,S8_10,오죽헌,"여행 > 관광,명소 > 문화유적 > 유적지",강원특별자치도 강릉시 율곡로3139번길 24,http://place.map.kakao.com/25323416,batch2
15,강릉,FAMOUS,C,2,1,선교장,9,8,S8_10,강릉선교장,"여행 > 관광,명소 > 문화유적",강원특별자치도 강릉시 운정길 63,http://place.map.kakao.com/26979861,batch2
15,강릉,FAMOUS,C,2,2,동화가든,2,10,S8_10,동화가든,음식점 > 한식 > 두부전문점,강원특별자치도 강릉시 초당순두부길77번길 15,http://place.map.kakao.com/7846414,batch2
15,강릉,FAMOUS,C,2,3,경포호수,11,10,S8_10,경포호,"여행 > 관광,명소 > 호수",강원특별자치도 강릉시 운정동 984,http://place.map.kakao.com/8654759,batch2
15,강릉,FAMOUS,C,2,4,강릉아트센터,11,8,S8_10,강릉아트센터,"문화,예술 > 문화시설 > 공연장,연극극장",강원특별자치도 강릉시 종합운동장길 84,http://place.map.kakao.com/539244312,batch2
15,강릉,FAMOUS,C,2,5,버드나무 브루어리,1,5,S5_7,버드나무브루어리,"음식점 > 술집 > 호프,요리주점",강원특별자치도 강릉시 경강로 1961,http://place.map.kakao.com/27152913,batch2
15,강릉,FAMOUS,C,3,0,정동진역,12,8,S8_10,정동진역,"교통,수송 > 기차,철도 > 기차역 > KTX정차역",강원특별자치도 강릉시 강동면 정동역길 17,http://place.map.kakao.com/1995540275,batch2
15,강릉,FAMOUS,C,3,1,정동진 레일바이크,2,5,S5_7,정동진 해변,"여행 > 관광,명소 > 해수욕장,해변",강원특별자치도 강릉시 강동면 정동진리 64-3,http://place.map.kakao.com/11164998,batch2
15,강릉,FAMOUS,C,3,2,정동진 해변횟집,0,-1,NO_RESULT,,,,,batch2
15,강릉,FAMOUS,C,3,3,하슬라아트월드,18,10,S8_10,하슬라아트월드,"여행 > 관광,명소 > 테마파크",강원특별자치도 강릉시 강동면 율곡로 1441,http://place.map.kakao.com/8143646,batch2
15,강릉,FAMOUS,C,3,4,강릉역,120,8,S8_10,강릉역,"교통,수송 > 기차,철도 > 기차역 > KTX정차역",강원특별자치도 강릉시 용지로 176,http://place.map.kakao.com/8632588,batch2
16,순천,MINOR,A,1,0,순천만국가정원,113,10,S8_10,순천만국가정원,"여행 > 관광,명소 > 국가정원",전남광주통합특별시 순천시 국가정원1호길 47,http://place.map.kakao.com/25052480,batch2
16,순천,MINOR,A,1,1,순천만국가정원 푸드코트,0,-1,NO_RESULT,,,,,batch2
16,순천,MINOR,A,1,2,스카이큐브,2,8,S8_10,스카이큐브 사무실,"서비스,산업 > 관리,운영",전남광주통합특별시 순천시 강변로 435,http://place.map.kakao.com/389181911,batch2
16,순천,MINOR,A,1,3,순천만습지,24,8,S8_10,순천만습지,"여행 > 관광,명소 > 생태보존,서식지",전남광주통합특별시 순천시 순천만길 513-25,http://place.map.kakao.com/1191246407,batch2
16,순천,MINOR,A,1,4,순천만습지 용산전망대,1,5,S5_7,순천만 용산전망대,"여행 > 관광,명소 > 전망대",전남광주통합특별시 순천시 해룡면 순천만길 513-51,http://place.map.kakao.com/1133962119,batch2
16,순천,MINOR,A,1,5,순천만가든,8,10,S8_10,순천만가든,음식점 > 한식,전남광주통합특별시 순천시 순천만길 576,http://place.map.kakao.com/8449415,batch2
16,순천,MINOR,A,2,0,순천 드라마 촬영장,8,3,S1_4,순천드라마촬영장,"여행 > 관광,명소 > 촬영지",전남광주통합특별시 순천시 비례골길 24,http://place.map.kakao.com/27195962,batch2
16,순천,MINOR,A,2,1,건봉국밥,1,10,S8_10,건봉국밥,음식점 > 한식,전남광주통합특별시 순천시 장평로 65,http://place.map.kakao.com/14502586,batch2
16,순천,MINOR,A,2,2,순천 문화의 거리,3,5,S5_7,순천문화의거리,"여행 > 관광,명소 > 테마거리",전남광주통합특별시 순천시 행동 65-58,http://place.map.kakao.com/18905860,batch2
16,순천,MINOR,A,2,3,동천,32,8,S8_10,순천동천,"여행 > 관광,명소 > 하천",전남광주통합특별시 순천시 동외동,http://place.map.kakao.com/25727652,batch2
16,순천,MINOR,A,2,4,청춘창고,15,8,S8_10,청춘창고,"문화,예술 > 문화시설",전남광주통합특별시 순천시 역전길 34,http://place.map.kakao.com/744097924,batch2
16,순천,MINOR,A,3,0,낙안읍성,45,10,S8_10,순천 낙안읍성,"여행 > 관광,명소 > 민속촌",전남광주통합특별시 순천시 낙안면 충민길 30,http://place.map.kakao.com/8234854,batch2
16,순천,MINOR,A,3,1,낙안읍성 초가집식당,0,-1,NO_RESULT,,,,,batch2
16,순천,MINOR,A,3,2,카페 듀플렉스,0,-1,NO_RESULT,,,,,batch2
16,순천,MINOR,A,3,3,순천역,55,8,S8_10,순천역,"교통,수송 > 기차,철도 > 기차역 > KTX,SRT정차역",전남광주통합특별시 순천시 팔마로 135,http://place.map.kakao.com/18049670,batch2
17,순천,MINOR,B,1,0,순천만국가정원,113,10,S8_10,순천만국가정원,"여행 > 관광,명소 > 국가정원",전남광주통합특별시 순천시 국가정원1호길 47,http://place.map.kakao.com/25052480,batch2
17,순천,MINOR,B,1,1,순천만가든,8,10,S8_10,순천만가든,음식점 > 한식,전남광주통합특별시 순천시 순천만길 576,http://place.map.kakao.com/8449415,batch2
17,순천,MINOR,B,1,2,순천만습지,24,8,S8_10,순천만습지,"여행 > 관광,명소 > 생태보존,서식지",전남광주통합특별시 순천시 순천만길 513-25,http://place.map.kakao.com/1191246407,batch2
17,순천,MINOR,B,1,3,낙안읍성민속마을,18,8,S8_10,낙안읍성민속마을 김소아가옥,"여행 > 관광,명소 > 문화유적 > 생가,고택",전남광주통합특별시 순천시 낙안면 충민길 104,http://place.map.kakao.com/12760609,batch2
17,순천,MINOR,B,1,4,낙안읍성식당,27,5,S5_7,성풍관 난전3호관,음식점 > 한식,전남광주통합특별시 순천시 낙안면 충민길 41-1,http://place.map.kakao.com/8245401,batch2
17,순천,MINOR,B,2,0,선암사,36,8,S8_10,선암사,"문화,예술 > 종교 > 불교 > 절,사찰",전남광주통합특별시 순천시 승주읍 선암사길 450,http://place.map.kakao.com/7947688,batch2
17,순천,MINOR,B,2,1,선암사전통찻집,0,-1,NO_RESULT,,,,,batch2
17,순천,MINOR,B,2,2,순천드라마촬영장,8,8,S8_10,순천드라마촬영장,"여행 > 관광,명소 > 촬영지",전남광주통합특별시 순천시 비례골길 24,http://place.map.kakao.com/27195962,batch2
17,순천,MINOR,B,2,3,순천문화의거리,3,10,S8_10,순천문화의거리,"여행 > 관광,명소 > 테마거리",전남광주통합특별시 순천시 행동 65-58,http://place.map.kakao.com/18905860,batch2
17,순천,MINOR,B,2,4,건봉국밥,1,10,S8_10,건봉국밥,음식점 > 한식,전남광주통합특별시 순천시 장평로 65,http://place.map.kakao.com/14502586,batch2
17,순천,MINOR,B,3,0,동천,32,8,S8_10,순천동천,"여행 > 관광,명소 > 하천",전남광주통합특별시 순천시 동외동,http://place.map.kakao.com/25727652,batch2
17,순천,MINOR,B,3,1,순천아랫장,25,8,S8_10,아랫장,"가정,생활 > 시장",전남광주통합특별시 순천시 장평로 60,http://place.map.kakao.com/18526165,batch2
17,순천,MINOR,B,3,2,순천아랫장국밥거리,1,5,S5_7,웃장 국밥골목,"여행 > 관광,명소 > 테마거리 > 먹자골목",전남광주통합특별시 순천시 북문길 40,http://place.map.kakao.com/306291609,batch2
17,순천,MINOR,B,3,3,카페 꼼마,0,-1,NO_RESULT,,,,,batch2
18,순천,MINOR,C,1,0,순천만국가정원,113,10,S8_10,순천만국가정원,"여행 > 관광,명소 > 국가정원",전남광주통합특별시 순천시 국가정원1호길 47,http://place.map.kakao.com/25052480,batch3
18,순천,MINOR,C,1,1,순천만가든,8,10,S8_10,순천만가든,음식점 > 한식,전남광주통합특별시 순천시 순천만길 576,http://place.map.kakao.com/8449415,batch3
18,순천,MINOR,C,1,2,순천만습지,24,8,S8_10,순천만습지,"여행 > 관광,명소 > 생태보존,서식지",전남광주통합특별시 순천시 순천만길 513-25,http://place.map.kakao.com/1191246407,batch3
18,순천,MINOR,C,1,3,순천 아랫장 야시장,0,-1,NO_RESULT,,,,,batch3
18,순천,MINOR,C,1,4,펍 앤 펍스,0,-1,NO_RESULT,,,,,batch3
18,순천,MINOR,C,2,0,낙안읍성,45,10,S8_10,순천 낙안읍성,"여행 > 관광,명소 > 민속촌",전남광주통합특별시 순천시 낙안면 충민길 30,http://place.map.kakao.com/8234854,batch3
18,순천,MINOR,C,2,1,낙안읍성전통식당,0,-1,NO_RESULT,,,,,batch3
18,순천,MINOR,C,2,2,순천 드라마 촬영장,8,3,S1_4,순천드라마촬영장,"여행 > 관광,명소 > 촬영지",전남광주통합특별시 순천시 비례골길 24,http://place.map.kakao.com/27195962,batch3
18,순천,MINOR,C,2,3,순천만갈대밭한정식,0,-1,NO_RESULT,,,,,batch3
18,순천,MINOR,C,2,4,카페 101,0,-1,NO_RESULT,,,,,batch3
18,순천,MINOR,C,3,0,순천향교,2,8,S8_10,순천향교,"여행 > 관광,명소 > 문화유적 > 향교,서당",전남광주통합특별시 순천시 향교길 60,http://place.map.kakao.com/9843529,batch3
18,순천,MINOR,C,3,1,순천 문화의 거리,3,5,S5_7,순천문화의거리,"여행 > 관광,명소 > 테마거리",전남광주통합특별시 순천시 행동 65-58,http://place.map.kakao.com/18905860,batch3
18,순천,MINOR,C,3,2,순천만꼬막정식,5,10,S8_10,순천만꼬막정식,"음식점 > 한식 > 해물,생선",전남광주통합특별시 순천시 순천만길 21,http://place.map.kakao.com/27551813,batch3
18,순천,MINOR,C,3,3,청춘창고,15,8,S8_10,청춘창고,"문화,예술 > 문화시설",전남광주통합특별시 순천시 역전길 34,http://place.map.kakao.com/744097924,batch3
18,순천,MINOR,C,3,4,브루웍스,3,10,S8_10,브루웍스,음식점 > 카페 > 커피전문점,전남광주통합특별시 순천시 역전길 61,http://place.map.kakao.com/1899980947,batch3
18,순천,MINOR,C,3,5,순천역,55,8,S8_10,순천역,"교통,수송 > 기차,철도 > 기차역 > KTX,SRT정차역",전남광주통합특별시 순천시 팔마로 135,http://place.map.kakao.com/18049670,batch3
19,영주,MINOR,A,1,0,소수서원,16,8,S8_10,소수서원,"여행 > 관광,명소 > 문화유적 > 서원",경북 영주시 순흥면 소백로 2740,http://place.map.kakao.com/9479775,batch3
19,영주,MINOR,A,1,1,선비촌,23,10,S8_10,선비촌종가집,음식점 > 한식,경북 영주시 순흥면 소백로 2796,http://place.map.kakao.com/10490979,batch3
19,영주,MINOR,A,1,2,정도너츠 본점,1,10,S8_10,정도너츠 본점,음식점 > 간식 > 도넛,경북 영주시 풍기읍 동성로 94,http://place.map.kakao.com/8057712,batch3
19,영주,MINOR,A,1,3,카페 소수,1,10,S8_10,소수,음식점 > 카페 > 테마카페 > 디저트카페,경북 영주시 대학로201번길 19,http://place.map.kakao.com/2011002342,batch3
19,영주,MINOR,A,1,4,서천둔치,1,8,S8_10,서천둔치,여행 > 공원 > 도시근린공원,경북 영주시 가흥동 1381-1,http://place.map.kakao.com/17504796,batch3
19,영주,MINOR,A,1,5,영주 랜떡,2,8,S8_10,랜떡,"가정,생활 > 식품판매",경북 영주시 중앙로83번길 33,http://place.map.kakao.com/557493276,batch3
19,영주,MINOR,A,2,0,부석사,41,8,S8_10,부석사,"문화,예술 > 종교 > 불교 > 절,사찰",경북 영주시 부석면 부석사로 345,http://place.map.kakao.com/7909668,batch3
19,영주,MINOR,A,2,1,부석사식당,3,10,S8_10,부석사식당,음식점 > 한식,경북 영주시 부석면 부석사로 317,http://place.map.kakao.com/16430745,batch3
19,영주,MINOR,A,2,2,무섬마을,7,8,S8_10,무섬마을,"여행 > 체험여행 > 정보화,체험마을",경북 영주시 문수면 무섬로234번길 31-12,http://place.map.kakao.com/25236073,batch3
19,영주,MINOR,A,2,3,영주365시장,3,8,S8_10,영주365시장,"교통,수송 > 교통시설 > 주차장 > 공영주차장",경북 영주시 영주로 204,http://place.map.kakao.com/1721077295,batch3
19,영주,MINOR,A,2,4,콩이랑,4,3,S1_4,콩세계과학관,"문화,예술 > 문화시설 > 과학관",경북 영주시 부석면 영부로 23,http://place.map.kakao.com/26575709,batch3
19,영주,MINOR,A,3,0,영주호 오토캠핑장,2,8,S8_10,영주호 오토캠핑장,"여행 > 숙박 > 야영,캠핑장 > 오토캠핑장",경북 영주시 평은면 강동로 26,http://place.map.kakao.com/379988990,batch3
19,영주,MINOR,A,3,1,영주호 출렁다리,0,-1,NO_RESULT,,,,,batch3
19,영주,MINOR,A,3,2,일월식당,4,10,S8_10,일월식당,음식점 > 중식 > 중국요리,경북 영주시 부석면 부석로 25-1,http://place.map.kakao.com/9407415,batch3
19,영주,MINOR,A,3,3,카페 그루,0,-1,NO_RESULT,,,,,batch3
20,영주,MINOR,B,1,0,부석사,41,8,S8_10,부석사,"문화,예술 > 종교 > 불교 > 절,사찰",경북 영주시 부석면 부석사로 345,http://place.map.kakao.com/7909668,batch3
20,영주,MINOR,B,1,1,영주한우프라자,2,5,S5_7,영주축협한우프라자 본점,"음식점 > 한식 > 육류,고기",경북 영주시 한정로 10,http://place.map.kakao.com/786617789,batch3
20,영주,MINOR,B,1,2,소수서원,16,8,S8_10,소수서원,"여행 > 관광,명소 > 문화유적 > 서원",경북 영주시 순흥면 소백로 2740,http://place.map.kakao.com/9479775,batch3
20,영주,MINOR,B,1,3,선비촌,23,10,S8_10,선비촌종가집,음식점 > 한식,경북 영주시 순흥면 소백로 2796,http://place.map.kakao.com/10490979,batch3
20,영주,MINOR,B,1,4,정도너츠 본점,1,10,S8_10,정도너츠 본점,음식점 > 간식 > 도넛,경북 영주시 풍기읍 동성로 94,http://place.map.kakao.com/8057712,batch3
20,영주,MINOR,B,1,5,풍기인삼갈비,1,10,S8_10,풍기인삼갈비,"음식점 > 한식 > 육류,고기 > 갈비",경북 영주시 풍기읍 소백로 1933,http://place.map.kakao.com/8119314,batch3
20,영주,MINOR,B,2,0,무섬마을,7,8,S8_10,무섬마을,"여행 > 체험여행 > 정보화,체험마을",경북 영주시 문수면 무섬로234번길 31-12,http://place.map.kakao.com/25236073,batch3
20,영주,MINOR,B,2,1,무섬식당,1,10,S8_10,무섬식당,음식점 > 한식,경북 영주시 문수면 무섬로 238-3,http://place.map.kakao.com/471703179,batch3
20,영주,MINOR,B,2,2,국립산림치유원,91,10,S8_10,국립산림치유원,"여행 > 관광,명소 > 자연휴양림",경북 영주시 봉현면 테라피로 209,http://place.map.kakao.com/26572603,batch3
20,영주,MINOR,B,2,3,희방사,7,8,S8_10,희방사,"문화,예술 > 종교 > 불교 > 절,사찰",경북 영주시 풍기읍 죽령로1720번길 278,http://place.map.kakao.com/8174684,batch3
20,영주,MINOR,B,2,4,희방폭포,1,8,S8_10,희방폭포,"여행 > 관광,명소 > 폭포",경북 영주시 풍기읍 수철리,http://place.map.kakao.com/8176818,batch3
20,영주,MINOR,B,2,5,순흥묵집,4,5,S5_7,순흥전통묵집,음식점 > 한식,경북 영주시 순흥면 순흥로39번길 21,http://place.map.kakao.com/21515429,batch3
20,영주,MINOR,B,3,0,영주 근대골목,0,-1,NO_RESULT,,,,,batch3
20,영주,MINOR,B,3,1,영주365시장,3,8,S8_10,영주365시장,"교통,수송 > 교통시설 > 주차장 > 공영주차장",경북 영주시 영주로 204,http://place.map.kakao.com/1721077295,batch3
20,영주,MINOR,B,3,2,랜떡,2,10,S8_10,영주랜떡,음식점 > 분식 > 떡볶이,경북 영주시 중앙로83번길 26-2,http://place.map.kakao.com/2015360199,batch3
20,영주,MINOR,B,3,3,영주호반둘레길,0,-1,NO_RESULT,,,,,batch3
20,영주,MINOR,B,3,4,카페 그날,0,-1,NO_RESULT,,,,,batch3
21,영주,MINOR,C,1,0,부석사,41,8,S8_10,부석사,"문화,예술 > 종교 > 불교 > 절,사찰",경북 영주시 부석면 부석사로 345,http://place.map.kakao.com/7909668,batch3
21,영주,MINOR,C,1,1,부석사식당,3,10,S8_10,부석사식당,음식점 > 한식,경북 영주시 부석면 부석사로 317,http://place.map.kakao.com/16430745,batch3
21,영주,MINOR,C,1,2,소수서원,16,8,S8_10,소수서원,"여행 > 관광,명소 > 문화유적 > 서원",경북 영주시 순흥면 소백로 2740,http://place.map.kakao.com/9479775,batch3
21,영주,MINOR,C,1,3,선비촌,23,10,S8_10,선비촌종가집,음식점 > 한식,경북 영주시 순흥면 소백로 2796,http://place.map.kakao.com/10490979,batch3
21,영주,MINOR,C,1,4,영주한우프라자,2,5,S5_7,영주축협한우프라자 본점,"음식점 > 한식 > 육류,고기",경북 영주시 한정로 10,http://place.map.kakao.com/786617789,batch3
21,영주,MINOR,C,2,0,풍기인삼시장,54,8,S8_10,풍기인삼시장,"가정,생활 > 시장",경북 영주시 풍기읍 인삼로 8,http://place.map.kakao.com/17097677,batch3
21,영주,MINOR,C,2,1,풍기인삼뚝배기,1,5,S5_7,풍기인삼갈비,"음식점 > 한식 > 육류,고기 > 갈비",경북 영주시 풍기읍 소백로 1933,http://place.map.kakao.com/8119314,batch3
21,영주,MINOR,C,2,2,무섬마을,7,8,S8_10,무섬마을,"여행 > 체험여행 > 정보화,체험마을",경북 영주시 문수면 무섬로234번길 31-12,http://place.map.kakao.com/25236073,batch3
21,영주,MINOR,C,2,3,카페 그랜드,0,-1,NO_RESULT,,,,,batch3
21,영주,MINOR,C,2,4,고려정,0,-1,NO_RESULT,,,,,batch3
21,영주,MINOR,C,3,0,영주 레일바이크,0,-1,NO_RESULT,,,,,batch3
21,영주,MINOR,C,3,1,나드리,7,10,S8_10,나드리,음식점 > 분식,경북 영주시 중앙로 89,http://place.map.kakao.com/8241870,batch3
21,영주,MINOR,C,3,2,후생시장,1,8,S8_10,후생시장,"가정,생활 > 시장",경북 영주시 영주동 335-1,http://place.map.kakao.com/18525308,batch3
21,영주,MINOR,C,3,3,카페 148 아트스페이스,0,-1,NO_RESULT,,,,,batch3
22,공주,MINOR,A,1,0,공산성,39,10,S8_10,공산성 본가,"음식점 > 한식 > 육류,고기 > 갈비",충남 공주시 왕릉로 136,http://place.map.kakao.com/10442510,batch3
22,공주,MINOR,A,1,1,고마나루돌쌈밥,1,5,S5_7,고마나루1999,음식점 > 한식,충남 공주시 백미고을길 5-8,http://place.map.kakao.com/8684887,batch3
22,공주,MINOR,A,1,2,제민천,11,8,S8_10,제민천,"여행 > 관광,명소 > 하천",충남 공주시 반죽동,http://place.map.kakao.com/25729707,batch3
22,공주,MINOR,A,1,3,루치아의뜰,1,5,S5_7,루치아의 뜰,음식점 > 카페 > 전통찻집,충남 공주시 웅진로 145-8,http://place.map.kakao.com/21626744,batch3
22,공주,MINOR,A,1,4,밤마을,2,10,S8_10,베이커리 밤마을,"음식점 > 간식 > 제과,베이커리",충남 공주시 백미고을길 5-9,http://place.map.kakao.com/904041132,batch3
22,공주,MINOR,A,2,0,무령왕릉과 왕릉원,2,8,S8_10,공주 무령왕릉과 왕릉원,"여행 > 관광,명소 > 문화유적 > 릉,묘,총",충남 공주시 금성동 산 5-19,http://place.map.kakao.com/2056894818,batch3
22,공주,MINOR,A,2,1,국립공주박물관,9,8,S8_10,국립공주박물관,"문화,예술 > 문화시설 > 박물관",충남 공주시 관광단지길 34,http://place.map.kakao.com/9666851,batch3
22,공주,MINOR,A,2,2,명성불고기,2,10,S8_10,명성불고기,"음식점 > 한식 > 육류,고기 > 불고기,두루치기",충남 공주시 웅진로 200,http://place.map.kakao.com/16685332,batch3
22,공주,MINOR,A,2,3,공주 한옥마을,10,3,S1_4,공주한옥마을,"여행 > 관광,명소",충남 공주시 관광단지길 12,http://place.map.kakao.com/21490830,batch3
22,공주,MINOR,A,2,4,한옥카페 고담,0,-1,NO_RESULT,,,,,batch3
22,공주,MINOR,A,2,5,공주칼국수,113,7,S5_7,공주칼국수 쭈꾸미구이 고운점,음식점 > 한식 > 국수 > 칼국수,세종특별자치시 만남로 19,http://place.map.kakao.com/1681510668,batch3
22,공주,MINOR,A,3,0,계룡산 동학사,18,3,S1_4,대한불교조계종 동학사,"문화,예술 > 종교 > 불교 > 절,사찰",충남 공주시 반포면 동학사1로 462,http://place.map.kakao.com/11096991,batch3
22,공주,MINOR,A,3,1,동학사원조파전,0,-1,NO_RESULT,,,,,batch3
22,공주,MINOR,A,3,2,미르섬,1,10,S8_10,미르섬,"여행 > 관광,명소 > 섬 > 섬(내륙)",충남 공주시 금벽로 368,http://place.map.kakao.com/26985243,batch3
22,공주,MINOR,A,3,3,공주산성시장,36,8,S8_10,공주산성시장,"가정,생활 > 시장",충남 공주시 산성동 195,http://place.map.kakao.com/18514563,batch3
23,공주,MINOR,B,1,0,공산성,39,10,S8_10,공산성 본가,"음식점 > 한식 > 육류,고기 > 갈비",충남 공주시 왕릉로 136,http://place.map.kakao.com/10442510,batch3
23,공주,MINOR,B,1,1,공주 산성시장,36,3,S1_4,공주산성시장,"가정,생활 > 시장",충남 공주시 산성동 195,http://place.map.kakao.com/18514563,batch3
23,공주,MINOR,B,1,2,무령왕릉과 송산리고분군,0,-1,NO_RESULT,,,,,batch3
23,공주,MINOR,B,1,3,국립공주박물관,9,8,S8_10,국립공주박물관,"문화,예술 > 문화시설 > 박물관",충남 공주시 관광단지길 34,http://place.map.kakao.com/9666851,batch3
23,공주,MINOR,B,1,4,공주밤꽃이야기,0,-1,NO_RESULT,,,,,batch3
23,공주,MINOR,B,2,0,공주한옥마을,10,8,S8_10,공주한옥마을,"여행 > 관광,명소",충남 공주시 관광단지길 12,http://place.map.kakao.com/21490830,batch3
23,공주,MINOR,B,2,1,공주역사영상관,0,-1,NO_RESULT,,,,,batch3
23,공주,MINOR,B,2,2,고마나루 돌쌈밥,1,5,S5_7,고마나루1999,음식점 > 한식,충남 공주시 백미고을길 5-8,http://place.map.kakao.com/8684887,batch3
23,공주,MINOR,B,2,3,금강신관공원,15,8,S8_10,금강신관공원,여행 > 공원,충남 공주시 신관동 439-2,http://place.map.kakao.com/27190216,batch3
23,공주,MINOR,B,2,4,미르섬,1,10,S8_10,미르섬,"여행 > 관광,명소 > 섬 > 섬(내륙)",충남 공주시 금벽로 368,http://place.map.kakao.com/26985243,batch3
23,공주,MINOR,B,2,5,명성불고기,2,10,S8_10,명성불고기,"음식점 > 한식 > 육류,고기 > 불고기,두루치기",충남 공주시 웅진로 200,http://place.map.kakao.com/16685332,batch3
23,공주,MINOR,B,3,0,마곡사,58,10,S8_10,마곡사서울식당,음식점 > 한식,충남 공주시 사곡면 마곡상가길 13-2,http://place.map.kakao.com/635769168,batch3
23,공주,MINOR,B,3,1,마곡사식당,37,5,S5_7,청남가든,음식점 > 한식,충남 공주시 사곡면 운정길 78,http://place.map.kakao.com/9970939,batch3
23,공주,MINOR,B,3,2,계룡산국립공원 동학사지구,1,10,S8_10,계룡산국립공원 동학사지구,"여행 > 관광,명소 > 국립공원 > 국립공원 지구",충남 공주시 반포면 동학사1로 327-6,http://place.map.kakao.com/27071207,batch3
23,공주,MINOR,B,3,3,엔학고레,1,10,S8_10,엔학고레,음식점 > 카페,충남 공주시 반포면 불장골길 113-12,http://place.map.kakao.com/763376396,batch3
24,공주,MINOR,C,1,0,공산성,39,10,S8_10,공산성 본가,"음식점 > 한식 > 육류,고기 > 갈비",충남 공주시 왕릉로 136,http://place.map.kakao.com/10442510,batch3
24,공주,MINOR,C,1,1,밤꽃,1,8,S8_10,농헙회사법인 공주밤꽃향기,"가정,생활 > 식품판매",충남 공주시 정안면 정안마곡사로 360-13,http://place.map.kakao.com/251817675,batch3
24,공주,MINOR,C,1,2,공주 한옥마을,10,3,S1_4,공주한옥마을,"여행 > 관광,명소",충남 공주시 관광단지길 12,http://place.map.kakao.com/21490830,batch3
24,공주,MINOR,C,1,3,제민천,11,8,S8_10,제민천,"여행 > 관광,명소 > 하천",충남 공주시 반죽동,http://place.map.kakao.com/25729707,batch3
24,공주,MINOR,C,1,4,명가,34,10,S8_10,기품명가,음식점 > 한식,충남 공주시 백미고을길 10-1,http://place.map.kakao.com/25808889,batch3
24,공주,MINOR,C,2,0,송산리고분군,1,3,S1_4,공주 무령왕릉과 왕릉원,"여행 > 관광,명소 > 문화유적 > 릉,묘,총",충남 공주시 금성동 산 5-19,http://place.map.kakao.com/2056894818,batch3
24,공주,MINOR,C,2,1,국립공주박물관,9,8,S8_10,국립공주박물관,"문화,예술 > 문화시설 > 박물관",충남 공주시 관광단지길 34,http://place.map.kakao.com/9666851,batch3
24,공주,MINOR,C,2,2,이학식당,0,-1,NO_RESULT,,,,,batch3
24,공주,MINOR,C,2,3,공주풀꽃문학관,4,3,S1_4,나태주풀꽃문학관,"문화,예술 > 문화시설 > 전시관",충남 공주시 봉황로 85-12,http://place.map.kakao.com/27150684,batch3
24,공주,MINOR,C,2,4,황새바위성지,2,8,S8_10,황새바위성지,"문화,예술 > 종교 > 천주교",충남 공주시 왕릉로 118,http://place.map.kakao.com/10106851,batch3
24,공주,MINOR,C,2,5,한일식당,0,-1,NO_RESULT,,,,,batch3
24,공주,MINOR,C,3,0,공주역사영상관,0,-1,NO_RESULT,,,,,batch3
24,공주,MINOR,C,3,1,공주하숙마을,1,8,S8_10,공주하숙마을,여행 > 숙박 > 게스트하우스,충남 공주시 당간지주길 21,http://place.map.kakao.com/2012635681,batch3
24,공주,MINOR,C,3,2,고마나루,9,10,S8_10,고마나루1999,음식점 > 한식,충남 공주시 백미고을길 5-8,http://place.map.kakao.com/8684887,batch3
24,공주,MINOR,C,3,3,루치아의뜰,1,5,S5_7,루치아의 뜰,음식점 > 카페 > 전통찻집,충남 공주시 웅진로 145-8,http://place.map.kakao.com/21626744,batch3
24,공주,MINOR,C,3,4,공주산성시장,36,8,S8_10,공주산성시장,"가정,생활 > 시장",충남 공주시 산성동 195,http://place.map.kakao.com/18514563,batch3
25,통영,MINOR,A,1,0,통영 중앙시장,17,3,S1_4,통영중앙전통시장,"가정,생활 > 시장",경남 통영시 중앙동 38-5,http://place.map.kakao.com/18468572,batch3
25,통영,MINOR,A,1,1,오미사꿀빵 본점,1,10,S8_10,오미사꿀빵 본점,"음식점 > 간식 > 제과,베이커리",경남 통영시 충렬로 14-18,http://place.map.kakao.com/8455466,batch3
25,통영,MINOR,A,1,2,동피랑 벽화마을,4,3,S1_4,동피랑벽화마을,"여행 > 관광,명소 > 문화유적 > 그림,벽화",경남 통영시 동피랑1길 6-18,http://place.map.kakao.com/10290301,batch3
25,통영,MINOR,A,1,3,서피랑 공원,4,3,S1_4,서피랑마을,부동산 > 지명,경남 통영시 서호동,http://place.map.kakao.com/11440661,batch3
25,통영,MINOR,A,1,4,해물가,3,7,S5_7,통영해물가 창원본점,"음식점 > 한식 > 해물,생선",경남 창원시 성산구 용지로 233,http://place.map.kakao.com/1816577803,batch3
25,통영,MINOR,A,1,5,강구안,14,10,S8_10,강구안에깡다방9,음식점 > 카페,경남 통영시 통영해안로 323-1,http://place.map.kakao.com/2001885490,batch3
25,통영,MINOR,A,2,0,한려수도 조망 케이블카,2,3,S1_4,통영케이블카,"여행 > 관광,명소 > 케이블카",경남 통영시 발개로 205,http://place.map.kakao.com/11657791,batch3
25,통영,MINOR,A,2,1,미륵산회식당,0,-1,NO_RESULT,,,,,batch3
25,통영,MINOR,A,2,2,이순신공원,8,8,S8_10,이순신공원,여행 > 공원 > 도시근린공원,경남 통영시 정량동 628,http://place.map.kakao.com/11807745,batch3
25,통영,MINOR,A,2,3,통영 해저터널,7,8,S8_10,해저터널,"교통,수송 > 도로시설 > 터널",경남 통영시 당동 13,http://place.map.kakao.com/155247789,batch3
25,통영,MINOR,A,2,4,뚱보할매김밥집,1,10,S8_10,뚱보할매김밥집,음식점 > 분식,경남 통영시 통영해안로 325,http://place.map.kakao.com/24199598,batch3
25,통영,MINOR,A,3,0,남망산 조각공원,7,3,S1_4,남망산조각공원,여행 > 공원 > 도시근린공원,경남 통영시 남망공원길 29,http://place.map.kakao.com/8186523,batch3
25,통영,MINOR,A,3,1,통영전통공예관,1,8,S8_10,통영전통공예관,"문화,예술 > 미술,공예 > 전통공예",경남 통영시 도남로 281,http://place.map.kakao.com/8108621,batch3
25,통영,MINOR,A,3,2,한일김밥,4,10,S8_10,한일김밥 본점,음식점 > 분식,경남 통영시 통영해안로 319,http://place.map.kakao.com/8608591,batch3
25,통영,MINOR,A,3,3,카페 울라봉,1,5,S5_7,카페울라봉,음식점 > 카페 > 테마카페,경남 통영시 동문로 51,http://place.map.kakao.com/25037933,batch3
25,통영,MINOR,A,3,4,통영 여객선터미널,23,3,S1_4,통영항여객선터미널,"교통,수송 > 교통시설 > 여객선터미널",경남 통영시 통영해안로 234,http://place.map.kakao.com/18641322,batch3
26,통영,MINOR,B,1,0,미륵산 케이블카,1,3,S1_4,통영케이블카,"여행 > 관광,명소 > 케이블카",경남 통영시 발개로 205,http://place.map.kakao.com/11657791,batch3
26,통영,MINOR,B,1,1,통영맛집다정,0,-1,NO_RESULT,,,,,batch3
26,통영,MINOR,B,1,2,통영 루지,12,5,S5_7,스카이라인 루지 통영,"여행 > 관광,명소 > 테마파크",경남 통영시 발개로 178,http://place.map.kakao.com/97760888,batch3
26,통영,MINOR,B,1,3,이순신공원,8,8,S8_10,이순신공원,여행 > 공원 > 도시근린공원,경남 통영시 정량동 628,http://place.map.kakao.com/11807745,batch3
26,통영,MINOR,B,1,4,통영 중앙시장,17,3,S1_4,통영중앙전통시장,"가정,생활 > 시장",경남 통영시 중앙동 38-5,http://place.map.kakao.com/18468572,batch3
26,통영,MINOR,B,1,5,해원횟집,1,10,S8_10,해원횟집,"음식점 > 한식 > 해물,생선 > 회",경남 통영시 미수해안로 125-5,http://place.map.kakao.com/17965462,batch3
26,통영,MINOR,B,2,0,동피랑 벽화마을,4,3,S1_4,동피랑벽화마을,"여행 > 관광,명소 > 문화유적 > 그림,벽화",경남 통영시 동피랑1길 6-18,http://place.map.kakao.com/10290301,batch3
26,통영,MINOR,B,2,1,서피랑 공원,4,3,S1_4,서피랑마을,부동산 > 지명,경남 통영시 서호동,http://place.map.kakao.com/11440661,batch3
26,통영,MINOR,B,2,2,통영명가,11,10,S8_10,명가,음식점 > 한식 > 냉면,경남 통영시 항남5길 12-17,http://place.map.kakao.com/26869734,batch3
26,통영,MINOR,B,2,3,달아공원,6,10,S8_10,통영달아공원 달아전망대,"여행 > 관광,명소 > 전망대",경남 통영시 산양읍 미남리 산 246,http://place.map.kakao.com/17558254,batch3
26,통영,MINOR,B,2,4,통영굴마을,1,5,S5_7,대풍관,"음식점 > 한식 > 해물,생선 > 굴,전복",경남 통영시 해송정2길 29,http://place.map.kakao.com/115499738,batch3
26,통영,MINOR,B,3,0,통영 해저터널,7,8,S8_10,해저터널,"교통,수송 > 도로시설 > 터널",경남 통영시 당동 13,http://place.map.kakao.com/155247789,batch3
26,통영,MINOR,B,3,1,통영 수산과학관,5,3,S1_4,통영수산과학관,"문화,예술 > 문화시설 > 과학관",경남 통영시 산양읍 척포길 628-111,http://place.map.kakao.com/8571856,batch3
26,통영,MINOR,B,3,2,훈이네해물뚝배기,0,-1,NO_RESULT,,,,,batch3
26,통영,MINOR,B,3,3,강구안,14,10,S8_10,강구안에깡다방9,음식점 > 카페,경남 통영시 통영해안로 323-1,http://place.map.kakao.com/2001885490,batch3
26,통영,MINOR,B,3,4,오미사꿀빵 본점,1,10,S8_10,오미사꿀빵 본점,"음식점 > 간식 > 제과,베이커리",경남 통영시 충렬로 14-18,http://place.map.kakao.com/8455466,batch3
27,통영,MINOR,C,1,0,동피랑 벽화마을,4,3,S1_4,동피랑벽화마을,"여행 > 관광,명소 > 문화유적 > 그림,벽화",경남 통영시 동피랑1길 6-18,http://place.map.kakao.com/10290301,batch3
27,통영,MINOR,C,1,1,통영해물가,1,5,S5_7,통영칼국수128,음식점 > 한식 > 국수 > 칼국수,경남 통영시 통영해안로 377,http://place.map.kakao.com/11534201,batch3
27,통영,MINOR,C,1,2,서피랑 공원,4,3,S1_4,서피랑마을,부동산 > 지명,경남 통영시 서호동,http://place.map.kakao.com/11440661,batch3
27,통영,MINOR,C,1,3,강구안,14,10,S8_10,강구안에깡다방9,음식점 > 카페,경남 통영시 통영해안로 323-1,http://place.map.kakao.com/2001885490,batch3
27,통영,MINOR,C,1,4,울산다찌,1,10,S8_10,울산다찌,"음식점 > 한식 > 해물,생선 > 회",경남 통영시 미수해안로 157,http://place.map.kakao.com/25746655,batch3
27,통영,MINOR,C,2,0,통영 케이블카,26,3,S1_4,통영케이블카,"여행 > 관광,명소 > 케이블카",경남 통영시 발개로 205,http://place.map.kakao.com/11657791,batch3
27,통영,MINOR,C,2,1,스카이라인 루지 통영,3,10,S8_10,스카이라인 루지 통영,"여행 > 관광,명소 > 테마파크",경남 통영시 발개로 178,http://place.map.kakao.com/97760888,batch3
27,통영,MINOR,C,2,2,대풍관,3,10,S8_10,대풍관,"음식점 > 한식 > 해물,생선 > 굴,전복",경남 통영시 해송정2길 29,http://place.map.kakao.com/115499738,batch3
27,통영,MINOR,C,2,3,이순신공원,8,8,S8_10,이순신공원,여행 > 공원 > 도시근린공원,경남 통영시 정량동 628,http://place.map.kakao.com/11807745,batch3
27,통영,MINOR,C,2,4,한일식당,6,10,S8_10,한일식당 통영점,"음식점 > 한식 > 육류,고기",경남 통영시 무전5길 8,http://place.map.kakao.com/17469288,batch3
27,통영,MINOR,C,3,0,통영 중앙시장,17,3,S1_4,통영중앙전통시장,"가정,생활 > 시장",경남 통영시 중앙동 38-5,http://place.map.kakao.com/18468572,batch3
27,통영,MINOR,C,3,1,오미사꿀빵 본점,1,10,S8_10,오미사꿀빵 본점,"음식점 > 간식 > 제과,베이커리",경남 통영시 충렬로 14-18,http://place.map.kakao.com/8455466,batch3
27,통영,MINOR,C,3,2,통영 해원횟집,1,10,S8_10,해원횟집,"음식점 > 한식 > 해물,생선 > 회",경남 통영시 미수해안로 125-5,http://place.map.kakao.com/17965462,batch3
27,통영,MINOR,C,3,3,남망산 조각공원,7,3,S1_4,남망산조각공원,여행 > 공원 > 도시근린공원,경남 통영시 남망공원길 29,http://place.map.kakao.com/8186523,batch3
27,통영,MINOR,C,3,4,어촌밥상,1,10,S8_10,어촌밥상,음식점 > 한식,경남 통영시 욕지면 십리골길 1,http://place.map.kakao.com/438396706,batch3
28,삼척,MINOR,A,1,0,죽서루,9,10,S8_10,죽서루 전망대,"여행 > 관광,명소 > 전망대",강원특별자치도 삼척시 성남동 198,http://place.map.kakao.com/629537240,batch3
28,삼척,MINOR,A,1,1,부명칼국수,1,5,S5_7,부명손칼국수,음식점 > 한식 > 국수 > 칼국수,강원특별자치도 삼척시 사대길 43,http://place.map.kakao.com/16854493,batch3
28,삼척,MINOR,A,1,2,삼척해변,46,10,S8_10,삼척해변,"여행 > 관광,명소 > 해수욕장,해변",강원특별자치도 삼척시 갈천동 14-22,http://place.map.kakao.com/7935331,batch3
28,삼척,MINOR,A,1,3,카페 사계,0,-1,NO_RESULT,,,,,batch3
28,삼척,MINOR,A,1,4,해변횟집,21,5,S5_7,은혜횟집,"음식점 > 한식 > 해물,생선 > 회",강원특별자치도 삼척시 새천년도로 515,http://place.map.kakao.com/8810957,batch3
28,삼척,MINOR,A,2,0,삼척해상케이블카,2,8,S8_10,삼척해상케이블카 용화역,"여행 > 관광,명소 > 케이블카",강원특별자치도 삼척시 근덕면 삼척로 2154-31,http://place.map.kakao.com/1832162456,batch3
28,삼척,MINOR,A,2,1,장호항,18,10,S8_10,장호항전망대,"여행 > 관광,명소 > 전망대",강원특별자치도 삼척시 근덕면 장호리 417,http://place.map.kakao.com/748327736,batch3
28,삼척,MINOR,A,2,2,장호항회식당,1,5,S5_7,장호항영기횟집,"음식점 > 한식 > 해물,생선 > 회",강원특별자치도 삼척시 근덕면 장호길 99,http://place.map.kakao.com/11166720,batch3
28,삼척,MINOR,A,2,3,용화해변,3,10,S8_10,용화해변,"여행 > 관광,명소 > 해수욕장,해변",강원특별자치도 삼척시 근덕면 용화리 14-5,http://place.map.kakao.com/10704292,batch3
28,삼척,MINOR,A,2,4,카페 바다,3,5,S5_7,네가있는바다,음식점 > 카페,강원특별자치도 삼척시 원덕읍 갈남길 49-75,http://place.map.kakao.com/431299992,batch3
28,삼척,MINOR,A,2,5,삼척항회센터,2,5,S5_7,활어회센터식당,"음식점 > 한식 > 해물,생선 > 회",강원특별자치도 삼척시 이사부길 38,http://place.map.kakao.com/341269153,batch3
28,삼척,MINOR,A,3,0,추암촛대바위,4,7,S5_7,추암촛대바위 인증센터,"여행 > 관광,명소 > 자전거여행",강원특별자치도 동해시 추암동 1,http://place.map.kakao.com/27138645,batch3
28,삼척,MINOR,A,3,1,추암해변,5,7,S5_7,추암해변,"여행 > 관광,명소 > 해수욕장,해변",강원특별자치도 동해시 추암동 474-20,http://place.map.kakao.com/8100727,batch3
28,삼척,MINOR,A,3,2,삼척중앙시장,29,8,S8_10,삼척중앙시장,"가정,생활 > 시장",강원특별자치도 삼척시 진주로 12-21,http://place.map.kakao.com/26882910,batch3
28,삼척,MINOR,A,3,3,카페 비치,2,5,S5_7,클리어비치,음식점 > 카페 > 테마카페 > 디저트카페,강원특별자치도 삼척시 근덕면 장호항길 128,http://place.map.kakao.com/888961394,batch3
29,삼척,MINOR,B,1,0,삼척해상케이블카,2,8,S8_10,삼척해상케이블카 용화역,"여행 > 관광,명소 > 케이블카",강원특별자치도 삼척시 근덕면 삼척로 2154-31,http://place.map.kakao.com/1832162456,batch3
29,삼척,MINOR,B,1,1,삼척항회센터,2,5,S5_7,활어회센터식당,"음식점 > 한식 > 해물,생선 > 회",강원특별자치도 삼척시 이사부길 38,http://place.map.kakao.com/341269153,batch3
29,삼척,MINOR,B,1,2,이사부사자공원,7,8,S8_10,이사부사자공원,여행 > 공원 > 도시근린공원,강원특별자치도 삼척시 수로부인길 333,http://place.map.kakao.com/24051055,batch3
29,삼척,MINOR,B,1,3,새천년해안도로,2,10,S8_10,새천년해안도로,"여행 > 관광,명소 > 드라이브코스",강원특별자치도 삼척시 정하동 산 3-15,http://place.map.kakao.com/7929345,batch3
29,삼척,MINOR,B,1,4,바다횟집,4,10,S8_10,바다횟집,"음식점 > 한식 > 해물,생선 > 회",강원특별자치도 삼척시 새천년도로 88,http://place.map.kakao.com/7879292,batch3
29,삼척,MINOR,B,2,0,환선굴,5,10,S8_10,환선굴휴게실가든,음식점 > 한식,강원특별자치도 삼척시 미로면 강원남부로 3969,http://place.map.kakao.com/21343974,batch3
29,삼척,MINOR,B,2,1,동굴신비관 식당,0,-1,NO_RESULT,,,,,batch3
29,삼척,MINOR,B,2,2,장호항,18,10,S8_10,장호항전망대,"여행 > 관광,명소 > 전망대",강원특별자치도 삼척시 근덕면 장호리 417,http://place.map.kakao.com/748327736,batch3
29,삼척,MINOR,B,2,3,수로부인헌화공원,10,10,S8_10,수로부인헌화공원 독도전망대,"여행 > 관광,명소 > 전망대",강원특별자치도 삼척시 원덕읍 삼척로 1396-270,http://place.map.kakao.com/423487767,batch3
29,삼척,MINOR,B,2,4,부일막국수,2,10,S8_10,부일막국수,음식점 > 한식 > 국수,강원특별자치도 삼척시 새천년도로 596,http://place.map.kakao.com/27385515,batch3
29,삼척,MINOR,B,3,0,추암 촛대바위,4,5,S5_7,추암 촛대바위 출렁다리,"여행 > 관광,명소",강원특별자치도 동해시 추암동 산 70,http://place.map.kakao.com/1571515576,batch3
29,삼척,MINOR,B,3,1,추암해변,5,7,S5_7,추암해변,"여행 > 관광,명소 > 해수욕장,해변",강원특별자치도 동해시 추암동 474-20,http://place.map.kakao.com/8100727,batch3
29,삼척,MINOR,B,3,2,죽서루,9,10,S8_10,죽서루 전망대,"여행 > 관광,명소 > 전망대",강원특별자치도 삼척시 성남동 198,http://place.map.kakao.com/629537240,batch3
29,삼척,MINOR,B,3,3,성원닭갈비,1,10,S8_10,성원닭갈비,"음식점 > 한식 > 육류,고기 > 닭요리",강원특별자치도 삼척시 정상안1길 14-32,http://place.map.kakao.com/21959659,batch3
29,삼척,MINOR,B,3,4,삼척중앙시장,29,8,S8_10,삼척중앙시장,"가정,생활 > 시장",강원특별자치도 삼척시 진주로 12-21,http://place.map.kakao.com/26882910,batch3
